/*******************************************************************************
 * Size: 20 px
 * Bpp: 4
 * Opts: --bpp 4 --size 20 --no-compress --font Sarabun-Regular.ttf --range 32-126,3585-3675 --format lvgl -o sarabun_20.c
 ******************************************************************************/

#ifdef LV_LVGL_H_INCLUDE_SIMPLE
#include "lvgl.h"
#else
#include "lvgl/lvgl.h"
#endif

#ifndef SARABUN_20
#define SARABUN_20 1
#endif

#if SARABUN_20

/*-----------------
 *    BITMAPS
 *----------------*/

/*Store the image of the glyphs*/
static LV_ATTRIBUTE_LARGE_CONST const uint8_t glyph_bitmap[] = {
    /* U+0020 " " */

    /* U+0021 "!" */
    0xaf, 0x59, 0xf5, 0x9f, 0x59, 0xf4, 0x8f, 0x48,
    0xf3, 0x8f, 0x37, 0xf3, 0x7f, 0x26, 0xf2, 0x0,
    0x4, 0x82, 0xef, 0xaa, 0xf6,

    /* U+0022 "\"" */
    0xfd, 0xb, 0xf0, 0xfc, 0xb, 0xf0, 0xeb, 0xa,
    0xf0, 0xdb, 0x9, 0xe0, 0xb8, 0x7, 0xc0,

    /* U+0023 "#" */
    0x0, 0xf, 0xb0, 0x0, 0x3f, 0x70, 0x0, 0x1f,
    0x90, 0x0, 0x5f, 0x50, 0x0, 0x3f, 0x70, 0x0,
    0x7f, 0x30, 0x0, 0x5f, 0x50, 0x0, 0x9f, 0x10,
    0x8f, 0xff, 0xff, 0xff, 0xff, 0xfa, 0x36, 0xcf,
    0x66, 0x66, 0xee, 0x63, 0x0, 0xbf, 0x0, 0x0,
    0xec, 0x0, 0x0, 0xdd, 0x0, 0x0, 0xfa, 0x0,
    0x11, 0xfc, 0x11, 0x13, 0xf9, 0x10, 0xff, 0xff,
    0xff, 0xff, 0xff, 0xf4, 0x36, 0xf9, 0x44, 0x49,
    0xf7, 0x41, 0x5, 0xf5, 0x0, 0x8, 0xf2, 0x0,
    0x7, 0xf3, 0x0, 0xa, 0xf0, 0x0, 0x9, 0xf1,
    0x0, 0xc, 0xe0, 0x0,

    /* U+0024 "$" */
    0x0, 0x0, 0x2a, 0x30, 0x0, 0x0, 0x2, 0x8f,
    0x81, 0x0, 0x0, 0x9f, 0xff, 0xff, 0x80, 0x6,
    0xfb, 0x20, 0x2a, 0xf4, 0xb, 0xf2, 0x0, 0x0,
    0x30, 0xa, 0xf3, 0x0, 0x0, 0x0, 0x4, 0xfd,
    0x30, 0x0, 0x0, 0x0, 0x7f, 0xfb, 0x30, 0x0,
    0x0, 0x3, 0xbf, 0xf9, 0x0, 0x0, 0x0, 0x3,
    0xcf, 0xc0, 0x0, 0x0, 0x0, 0xa, 0xf7, 0x0,
    0x0, 0x0, 0x2, 0xfb, 0x4, 0x10, 0x0, 0x2,
    0xfa, 0xf, 0xe5, 0x0, 0x1b, 0xf5, 0x4, 0xef,
    0xfe, 0xff, 0x80, 0x0, 0x5, 0xaf, 0x92, 0x0,
    0x0, 0x0, 0x4f, 0x40, 0x0,

    /* U+0025 "%" */
    0x0, 0x8e, 0xe9, 0x0, 0x0, 0x0, 0xed, 0x0,
    0x0, 0x7, 0xf7, 0x6f, 0xa0, 0x0, 0x9, 0xf4,
    0x0, 0x0, 0xe, 0xa0, 0x7, 0xf1, 0x0, 0x3f,
    0xa0, 0x0, 0x0, 0xf, 0x70, 0x5, 0xf3, 0x0,
    0xcf, 0x10, 0x0, 0x0, 0xe, 0x90, 0x6, 0xf2,
    0x6, 0xf7, 0x0, 0x0, 0x0, 0x9, 0xe3, 0x2d,
    0xc0, 0x1e, 0xd0, 0x0, 0x0, 0x0, 0x1, 0xbf,
    0xfd, 0x20, 0xaf, 0x30, 0xaf, 0xf9, 0x0, 0x0,
    0x1, 0x20, 0x3, 0xf9, 0x9, 0xf6, 0x6f, 0x70,
    0x0, 0x0, 0x0, 0xd, 0xe1, 0xf, 0x80, 0xa,
    0xe0, 0x0, 0x0, 0x0, 0x7f, 0x60, 0x2f, 0x50,
    0x7, 0xf0, 0x0, 0x0, 0x1, 0xfc, 0x0, 0x2f,
    0x50, 0x7, 0xf0, 0x0, 0x0, 0xb, 0xf2, 0x0,
    0xf, 0x90, 0xb, 0xe0, 0x0, 0x0, 0x4f, 0x80,
    0x0, 0x8, 0xf8, 0x8f, 0x70, 0x0, 0x0, 0xde,
    0x0, 0x0, 0x0, 0x9f, 0xe8, 0x0,

    /* U+0026 "&" */
    0x0, 0x3, 0xcf, 0xe9, 0x10, 0x0, 0x0, 0x2,
    0xfe, 0x78, 0xfc, 0x0, 0x0, 0x0, 0x7f, 0x40,
    0x9, 0xf1, 0x0, 0x0, 0x7, 0xf3, 0x0, 0xaf,
    0x10, 0x0, 0x0, 0x3f, 0x90, 0x3f, 0xb0, 0x0,
    0x0, 0x0, 0xbf, 0x7e, 0xc1, 0x0, 0x0, 0x0,
    0x3d, 0xff, 0x80, 0x0, 0x0, 0x0, 0x4f, 0xd7,
    0xfc, 0x0, 0x1, 0x62, 0xd, 0xf1, 0x6, 0xfb,
    0x0, 0x5f, 0x42, 0xfb, 0x0, 0x6, 0xfc, 0x1b,
    0xf1, 0x2f, 0xb0, 0x0, 0x5, 0xfe, 0xf8, 0x0,
    0xef, 0x40, 0x0, 0x9, 0xff, 0x40, 0x4, 0xff,
    0xb8, 0x9c, 0xfc, 0xef, 0x50, 0x2, 0xae, 0xfe,
    0xb6, 0x1, 0xb3,

    /* U+0027 "'" */
    0xfd, 0xfc, 0xeb, 0xdb, 0xb8,

    /* U+0028 "(" */
    0x0, 0x9, 0xf4, 0x0, 0x6f, 0x50, 0x0, 0xec,
    0x0, 0x7, 0xf5, 0x0, 0xb, 0xf1, 0x0, 0xf,
    0xd0, 0x0, 0x1f, 0xb0, 0x0, 0x2f, 0xa0, 0x0,
    0x2f, 0xa0, 0x0, 0x1f, 0xb0, 0x0, 0xf, 0xd0,
    0x0, 0xb, 0xf1, 0x0, 0x7, 0xf5, 0x0, 0x0,
    0xec, 0x0, 0x0, 0x6f, 0x50, 0x0, 0x9, 0xf4,

    /* U+0029 ")" */
    0x1d, 0xd1, 0x0, 0x1, 0xec, 0x0, 0x0, 0x7f,
    0x50, 0x0, 0xf, 0xc0, 0x0, 0xb, 0xf1, 0x0,
    0x7, 0xf5, 0x0, 0x5, 0xf7, 0x0, 0x4, 0xf8,
    0x0, 0x4, 0xf8, 0x0, 0x5, 0xf7, 0x0, 0x7,
    0xf5, 0x0, 0xb, 0xf1, 0x0, 0xf, 0xc0, 0x0,
    0x7f, 0x50, 0x1, 0xec, 0x0, 0x1d, 0xd1, 0x0,

    /* U+002A "*" */
    0x0, 0x0, 0x0, 0x0, 0x0, 0xa, 0x60, 0x7a,
    0x0, 0x0, 0xae, 0x1e, 0x90, 0x0, 0x0, 0xcd,
    0xb0, 0x0, 0x5f, 0xff, 0xff, 0xff, 0x41, 0x33,
    0xce, 0xc3, 0x30, 0x0, 0x7f, 0x2f, 0x70, 0x0,
    0xd, 0x80, 0x8c, 0x0, 0x0, 0x0, 0x0, 0x0,
    0x0,

    /* U+002B "+" */
    0x0, 0x0, 0xbd, 0x0, 0x0, 0x0, 0x0, 0xb,
    0xd0, 0x0, 0x0, 0x0, 0x0, 0xbd, 0x0, 0x0,
    0x0, 0x11, 0x1c, 0xd1, 0x11, 0x10, 0xff, 0xff,
    0xff, 0xff, 0xff, 0x23, 0x44, 0x4c, 0xe4, 0x44,
    0x40, 0x0, 0x0, 0xbd, 0x0, 0x0, 0x0, 0x0,
    0xb, 0xd0, 0x0, 0x0, 0x0, 0x0, 0xbd, 0x0,
    0x0, 0x0, 0x0, 0xb, 0xd0, 0x0, 0x0,

    /* U+002C "," */
    0x28, 0x3b, 0xfd, 0x8f, 0xe0, 0xab, 0x2f, 0x4a,
    0x90, 0x0, 0x0,

    /* U+002D "-" */
    0x0, 0x0, 0x0, 0x5, 0xff, 0xff, 0xf2, 0x13,
    0x33, 0x33, 0x0,

    /* U+002E "." */
    0x28, 0x2a, 0xfb, 0x6f, 0x70,

    /* U+002F "/" */
    0x0, 0x0, 0x0, 0x2, 0xf8, 0x0, 0x0, 0x0,
    0xa, 0xf1, 0x0, 0x0, 0x0, 0x2f, 0x80, 0x0,
    0x0, 0x0, 0xaf, 0x10, 0x0, 0x0, 0x2, 0xf8,
    0x0, 0x0, 0x0, 0xa, 0xe0, 0x0, 0x0, 0x0,
    0x2f, 0x70, 0x0, 0x0, 0x0, 0xae, 0x0, 0x0,
    0x0, 0x3, 0xf7, 0x0, 0x0, 0x0, 0xb, 0xe0,
    0x0, 0x0, 0x0, 0x3f, 0x70, 0x0, 0x0, 0x0,
    0xbe, 0x0, 0x0, 0x0, 0x3, 0xf7, 0x0, 0x0,
    0x0, 0xb, 0xe0, 0x0, 0x0, 0x0, 0x3f, 0x70,
    0x0, 0x0, 0x0,

    /* U+0030 "0" */
    0x0, 0x8, 0xdf, 0xd8, 0x0, 0x0, 0xb, 0xfa,
    0x6a, 0xfb, 0x0, 0x6, 0xf8, 0x0, 0x8, 0xf6,
    0x0, 0xcf, 0x10, 0x0, 0x1f, 0xc0, 0xf, 0xc0,
    0x0, 0x0, 0xcf, 0x2, 0xfa, 0x0, 0x0, 0xa,
    0xf2, 0x3f, 0x90, 0x0, 0x0, 0x9f, 0x33, 0xf9,
    0x0, 0x0, 0x9, 0xf3, 0x2f, 0xa0, 0x0, 0x0,
    0xaf, 0x20, 0xfc, 0x0, 0x0, 0xc, 0xf0, 0xc,
    0xf1, 0x0, 0x1, 0xfc, 0x0, 0x6f, 0x80, 0x0,
    0x8f, 0x60, 0x0, 0xbf, 0xa6, 0xaf, 0xb0, 0x0,
    0x0, 0x8e, 0xfe, 0x80, 0x0,

    /* U+0031 "1" */
    0x0, 0x4d, 0xd0, 0x0, 0x1a, 0xff, 0xd0, 0x0,
    0xcf, 0x7f, 0xd0, 0x0, 0x61, 0xf, 0xd0, 0x0,
    0x0, 0xf, 0xd0, 0x0, 0x0, 0xf, 0xd0, 0x0,
    0x0, 0xf, 0xd0, 0x0, 0x0, 0xf, 0xd0, 0x0,
    0x0, 0xf, 0xd0, 0x0, 0x0, 0xf, 0xd0, 0x0,
    0x0, 0xf, 0xd0, 0x0, 0x0, 0xf, 0xd0, 0x0,
    0x27, 0x7f, 0xe7, 0x71, 0x6f, 0xff, 0xff, 0xf3,

    /* U+0032 "2" */
    0x0, 0x4b, 0xef, 0xd7, 0x0, 0x0, 0x8f, 0xe9,
    0x8d, 0xfa, 0x0, 0xb, 0x90, 0x0, 0xd, 0xf3,
    0x0, 0x0, 0x0, 0x0, 0x7f, 0x60, 0x0, 0x0,
    0x0, 0x8, 0xf6, 0x0, 0x0, 0x0, 0x0, 0xcf,
    0x20, 0x0, 0x0, 0x0, 0x3f, 0xc0, 0x0, 0x0,
    0x0, 0xc, 0xf3, 0x0, 0x0, 0x0, 0x8, 0xf8,
    0x0, 0x0, 0x0, 0x6, 0xfa, 0x0, 0x0, 0x0,
    0x6, 0xfc, 0x0, 0x0, 0x0, 0x8, 0xfc, 0x0,
    0x0, 0x0, 0x9, 0xff, 0x77, 0x77, 0x77, 0x0,
    0xbf, 0xff, 0xff, 0xff, 0xf1,

    /* U+0033 "3" */
    0x0, 0x3a, 0xef, 0xd9, 0x10, 0x0, 0x6f, 0xe9,
    0x8b, 0xfe, 0x10, 0x7, 0x80, 0x0, 0x9, 0xf7,
    0x0, 0x0, 0x0, 0x0, 0x5f, 0x70, 0x0, 0x0,
    0x0, 0xa, 0xf3, 0x0, 0x0, 0x2, 0x4a, 0xf8,
    0x0, 0x0, 0x3, 0xff, 0xf7, 0x0, 0x0, 0x0,
    0x15, 0x6b, 0xfc, 0x10, 0x0, 0x0, 0x0, 0x5,
    0xfa, 0x0, 0x0, 0x0, 0x0, 0xe, 0xf0, 0x0,
    0x0, 0x0, 0x0, 0xef, 0x0, 0x98, 0x0, 0x0,
    0x6f, 0xc0, 0x8, 0xfe, 0x98, 0xbf, 0xf3, 0x0,
    0x5, 0xbe, 0xfe, 0x91, 0x0,

    /* U+0034 "4" */
    0x0, 0x0, 0x0, 0xbf, 0xd0, 0x0, 0x0, 0x0,
    0x5f, 0xfd, 0x0, 0x0, 0x0, 0xe, 0xbf, 0xd0,
    0x0, 0x0, 0x8, 0xf2, 0xfd, 0x0, 0x0, 0x2,
    0xf8, 0xf, 0xd0, 0x0, 0x0, 0xce, 0x0, 0xfd,
    0x0, 0x0, 0x6f, 0x50, 0xf, 0xd0, 0x0, 0x1e,
    0xb0, 0x0, 0xfd, 0x0, 0x9, 0xf2, 0x0, 0xf,
    0xd0, 0x3, 0xf9, 0x22, 0x22, 0xfd, 0x20, 0x6f,
    0xff, 0xff, 0xff, 0xff, 0x62, 0x55, 0x55, 0x55,
    0xfe, 0x52, 0x0, 0x0, 0x0, 0xf, 0xd0, 0x0,
    0x0, 0x0, 0x0, 0xfd, 0x0,

    /* U+0035 "5" */
    0x0, 0xff, 0xff, 0xff, 0xfa, 0x0, 0x1f, 0xd7,
    0x77, 0x77, 0x40, 0x2, 0xf9, 0x0, 0x0, 0x0,
    0x0, 0x4f, 0x80, 0x0, 0x0, 0x0, 0x5, 0xf7,
    0x0, 0x0, 0x0, 0x0, 0x7f, 0xbe, 0xff, 0xd4,
    0x0, 0x8, 0xfe, 0x75, 0x8f, 0xf4, 0x0, 0x59,
    0x10, 0x0, 0x5f, 0xc0, 0x0, 0x0, 0x0, 0x0,
    0xef, 0x0, 0x0, 0x0, 0x0, 0xd, 0xf0, 0x0,
    0x0, 0x0, 0x0, 0xfe, 0x0, 0xb7, 0x0, 0x0,
    0x9f, 0x90, 0x9, 0xfd, 0x98, 0xcf, 0xd1, 0x0,
    0x5, 0xbe, 0xfd, 0x80, 0x0,

    /* U+0036 "6" */
    0x0, 0x0, 0x0, 0x0, 0x30, 0x0, 0x0, 0x0,
    0x19, 0xff, 0x0, 0x0, 0x0, 0x5f, 0xfa, 0x40,
    0x0, 0x0, 0x6f, 0xd3, 0x0, 0x0, 0x0, 0x4f,
    0xd1, 0x0, 0x0, 0x0, 0xe, 0xf1, 0x10, 0x0,
    0x0, 0x7, 0xfd, 0xef, 0xfc, 0x30, 0x0, 0xcf,
    0xf9, 0x68, 0xff, 0x30, 0xf, 0xf6, 0x0, 0x4,
    0xfc, 0x1, 0xff, 0x0, 0x0, 0xd, 0xf0, 0xf,
    0xe0, 0x0, 0x0, 0xbf, 0x10, 0xdf, 0x0, 0x0,
    0xd, 0xf0, 0x7, 0xf8, 0x0, 0x5, 0xfa, 0x0,
    0xc, 0xfc, 0x8b, 0xfe, 0x10, 0x0, 0x8, 0xdf,
    0xe9, 0x10, 0x0,

    /* U+0037 "7" */
    0xff, 0xff, 0xff, 0xff, 0xf7, 0x77, 0x77, 0x7a,
    0xfd, 0x0, 0x0, 0x0, 0xdf, 0x20, 0x0, 0x0,
    0x9f, 0x60, 0x0, 0x0, 0x2f, 0xc0, 0x0, 0x0,
    0x9, 0xf4, 0x0, 0x0, 0x0, 0xfd, 0x0, 0x0,
    0x0, 0x5f, 0x80, 0x0, 0x0, 0x9, 0xf3, 0x0,
    0x0, 0x0, 0xdf, 0x0, 0x0, 0x0, 0xf, 0xd0,
    0x0, 0x0, 0x1, 0xfb, 0x0, 0x0, 0x0, 0x3f,
    0xa0, 0x0, 0x0, 0x4, 0xf9, 0x0, 0x0,

    /* U+0038 "8" */
    0x0, 0x19, 0xdf, 0xd9, 0x10, 0x0, 0x2e, 0xfb,
    0x8b, 0xfe, 0x10, 0x8, 0xf8, 0x0, 0x8, 0xf8,
    0x0, 0xbf, 0x20, 0x0, 0x2f, 0xb0, 0x8, 0xf4,
    0x0, 0x4, 0xf8, 0x0, 0x2f, 0xd4, 0x14, 0xdf,
    0x20, 0x0, 0x4f, 0xff, 0xff, 0x40, 0x0, 0x3f,
    0xd6, 0x46, 0xdf, 0x30, 0xd, 0xe1, 0x0, 0x1,
    0xed, 0x2, 0xfb, 0x0, 0x0, 0xb, 0xf1, 0x2f,
    0xb0, 0x0, 0x0, 0xcf, 0x20, 0xef, 0x30, 0x0,
    0x3f, 0xe0, 0x6, 0xff, 0xa8, 0xaf, 0xf6, 0x0,
    0x4, 0xbe, 0xfe, 0xb4, 0x0,

    /* U+0039 "9" */
    0x0, 0x19, 0xef, 0xd7, 0x0, 0x0, 0x1e, 0xfb,
    0x8c, 0xfc, 0x0, 0xa, 0xf6, 0x0, 0x8, 0xf7,
    0x0, 0xfe, 0x0, 0x0, 0xf, 0xd0, 0x1f, 0xb0,
    0x0, 0x0, 0xdf, 0x0, 0xfd, 0x0, 0x0, 0xe,
    0xf1, 0xc, 0xf2, 0x0, 0x4, 0xff, 0x0, 0x4f,
    0xd4, 0x26, 0xef, 0xe0, 0x0, 0x5e, 0xff, 0xfd,
    0xf9, 0x0, 0x0, 0x3, 0x41, 0xcf, 0x20, 0x0,
    0x0, 0x0, 0x8f, 0x80, 0x0, 0x0, 0x1, 0x9f,
    0xb0, 0x0, 0x0, 0x27, 0xef, 0xa0, 0x0, 0x0,
    0xf, 0xfc, 0x40, 0x0, 0x0, 0x0, 0x41, 0x0,
    0x0, 0x0, 0x0,

    /* U+003A ":" */
    0x6f, 0x6a, 0xfb, 0x28, 0x20, 0x0, 0x0, 0x0,
    0x0, 0x0, 0x2, 0x82, 0xaf, 0xb6, 0xf6,

    /* U+003B ";" */
    0x6f, 0x6a, 0xfb, 0x28, 0x20, 0x0, 0x0, 0x0,
    0x0, 0x0, 0x2, 0x83, 0xbf, 0xd8, 0xfe, 0xa,
    0xb2, 0xf4, 0x99, 0x0, 0x0,

    /* U+003C "<" */
    0x0, 0x0, 0x0, 0x0, 0x0, 0x0, 0x0, 0x0,
    0x0, 0x5c, 0x0, 0x0, 0x0, 0x4c, 0xf9, 0x0,
    0x0, 0x3b, 0xfa, 0x20, 0x0, 0x2b, 0xfb, 0x30,
    0x0, 0x2a, 0xfc, 0x40, 0x0, 0x0, 0xcf, 0xb0,
    0x0, 0x0, 0x0, 0x19, 0xfd, 0x50, 0x0, 0x0,
    0x0, 0x2a, 0xfc, 0x40, 0x0, 0x0, 0x0, 0x2a,
    0xfc, 0x30, 0x0, 0x0, 0x0, 0x3b, 0xfa, 0x0,
    0x0, 0x0, 0x0, 0x4b,

    /* U+003D "=" */
    0x11, 0x11, 0x11, 0x11, 0x11, 0xbf, 0xff, 0xff,
    0xff, 0xfd, 0x34, 0x44, 0x44, 0x44, 0x43, 0x0,
    0x0, 0x0, 0x0, 0x0, 0x11, 0x11, 0x11, 0x11,
    0x11, 0xbf, 0xff, 0xff, 0xff, 0xfd, 0x34, 0x44,
    0x44, 0x44, 0x43,

    /* U+003E ">" */
    0x0, 0x0, 0x0, 0x0, 0x0, 0xa6, 0x0, 0x0,
    0x0, 0x0, 0x7f, 0xd5, 0x0, 0x0, 0x0, 0x1,
    0x9f, 0xc4, 0x0, 0x0, 0x0, 0x2, 0xaf, 0xc3,
    0x0, 0x0, 0x0, 0x3, 0xbf, 0xb2, 0x0, 0x0,
    0x0, 0x9, 0xfe, 0x0, 0x0, 0x4, 0xcf, 0xa2,
    0x0, 0x3, 0xbf, 0xb2, 0x0, 0x2, 0xaf, 0xb3,
    0x0, 0x0, 0x8f, 0xc4, 0x0, 0x0, 0x0, 0xa5,
    0x0, 0x0, 0x0, 0x0,

    /* U+003F "?" */
    0x1, 0x9e, 0xfd, 0x91, 0x1, 0xee, 0x86, 0xaf,
    0xd0, 0xa, 0x10, 0x0, 0xaf, 0x40, 0x0, 0x0,
    0x7, 0xf6, 0x0, 0x0, 0x0, 0x9f, 0x30, 0x0,
    0x0, 0x2f, 0xa0, 0x0, 0x0, 0xd, 0xd0, 0x0,
    0x0, 0x9, 0xf2, 0x0, 0x0, 0x2, 0xf7, 0x0,
    0x0, 0x0, 0x6f, 0x30, 0x0, 0x0, 0x3, 0x92,
    0x0, 0x0, 0x0, 0x16, 0x10, 0x0, 0x0, 0xa,
    0xfb, 0x0, 0x0, 0x0, 0x7f, 0x80, 0x0,

    /* U+0040 "@" */
    0x0, 0x0, 0x0, 0x0, 0x0, 0x0, 0x0, 0x0,
    0x0, 0x0, 0x18, 0xce, 0xfe, 0xb5, 0x0, 0x0,
    0x0, 0x6, 0xfd, 0x74, 0x35, 0x9f, 0xc1, 0x0,
    0x0, 0x8f, 0x71, 0x9d, 0xd8, 0x2, 0xcd, 0x0,
    0x3, 0xf7, 0x1e, 0x93, 0x3d, 0x90, 0x1e, 0x70,
    0xb, 0xd0, 0x6, 0x0, 0x4, 0xf0, 0x8, 0xe0,
    0x1f, 0x70, 0x0, 0x0, 0x2, 0xf2, 0x4, 0xf0,
    0x3f, 0x30, 0x5, 0xce, 0xff, 0xf2, 0x3, 0xf1,
    0x4f, 0x20, 0x4f, 0x50, 0x2, 0xf2, 0x6, 0xf0,
    0x3f, 0x40, 0x9b, 0x0, 0x2, 0xf2, 0xc, 0xb0,
    0xf, 0x80, 0x6e, 0x20, 0x2c, 0xf7, 0xaf, 0x20,
    0xa, 0xe1, 0x8, 0xed, 0xc5, 0x9f, 0xc3, 0x0,
    0x1, 0xeb, 0x0, 0x0, 0x0, 0x0, 0x0, 0x0,
    0x0, 0x3e, 0xd6, 0x20, 0x14, 0x91, 0x0, 0x0,
    0x0, 0x1, 0x9e, 0xff, 0xff, 0xa2, 0x0, 0x0,
    0x0, 0x0, 0x0, 0x12, 0x20, 0x0, 0x0, 0x0,

    /* U+0041 "A" */
    0x0, 0x0, 0x1f, 0xf0, 0x0, 0x0, 0x0, 0x0,
    0x6f, 0xf5, 0x0, 0x0, 0x0, 0x0, 0xce, 0xfa,
    0x0, 0x0, 0x0, 0x1, 0xf9, 0xbf, 0x0, 0x0,
    0x0, 0x6, 0xf5, 0x6f, 0x50, 0x0, 0x0, 0xc,
    0xf0, 0x1f, 0xa0, 0x0, 0x0, 0x1f, 0xb0, 0xc,
    0xf0, 0x0, 0x0, 0x7f, 0x60, 0x8, 0xf5, 0x0,
    0x0, 0xcf, 0x20, 0x3, 0xfb, 0x0, 0x2, 0xfd,
    0x22, 0x22, 0xef, 0x10, 0x7, 0xff, 0xff, 0xff,
    0xff, 0x60, 0xc, 0xf6, 0x55, 0x55, 0x7f, 0xb0,
    0x2f, 0xd0, 0x0, 0x0, 0xe, 0xf1, 0x7f, 0x70,
    0x0, 0x0, 0x8, 0xf6,

    /* U+0042 "B" */
    0x6f, 0xff, 0xfe, 0xc6, 0x0, 0x6f, 0xb7, 0x79,
    0xdf, 0xa0, 0x6f, 0x70, 0x0, 0xe, 0xf1, 0x6f,
    0x70, 0x0, 0xa, 0xf2, 0x6f, 0x70, 0x0, 0xd,
    0xf0, 0x6f, 0x81, 0x13, 0x9f, 0x70, 0x6f, 0xff,
    0xff, 0xf8, 0x0, 0x6f, 0x94, 0x45, 0xaf, 0xc0,
    0x6f, 0x70, 0x0, 0x7, 0xf7, 0x6f, 0x70, 0x0,
    0x2, 0xfb, 0x6f, 0x70, 0x0, 0x2, 0xfb, 0x6f,
    0x70, 0x0, 0x7, 0xf8, 0x6f, 0xb7, 0x77, 0xbf,
    0xe1, 0x6f, 0xff, 0xff, 0xe9, 0x20,

    /* U+0043 "C" */
    0x0, 0x1, 0x8d, 0xfe, 0xb5, 0x0, 0x0, 0x4e,
    0xfb, 0x89, 0xdf, 0x90, 0x1, 0xfe, 0x30, 0x0,
    0x7, 0xb0, 0x9, 0xf5, 0x0, 0x0, 0x0, 0x0,
    0xe, 0xe0, 0x0, 0x0, 0x0, 0x0, 0x2f, 0xa0,
    0x0, 0x0, 0x0, 0x0, 0x4f, 0x90, 0x0, 0x0,
    0x0, 0x0, 0x4f, 0x90, 0x0, 0x0, 0x0, 0x0,
    0x2f, 0xa0, 0x0, 0x0, 0x0, 0x0, 0xf, 0xe0,
    0x0, 0x0, 0x0, 0x0, 0xa, 0xf5, 0x0, 0x0,
    0x0, 0x0, 0x1, 0xfe, 0x30, 0x0, 0x7, 0xb0,
    0x0, 0x4f, 0xfb, 0x89, 0xdf, 0x90, 0x0, 0x2,
    0x9d, 0xfe, 0xb5, 0x0,

    /* U+0044 "D" */
    0x6f, 0xff, 0xff, 0xd8, 0x10, 0x6, 0xfb, 0x77,
    0x8c, 0xfd, 0x10, 0x6f, 0x70, 0x0, 0x7, 0xfa,
    0x6, 0xf7, 0x0, 0x0, 0xc, 0xf1, 0x6f, 0x70,
    0x0, 0x0, 0x7f, 0x56, 0xf7, 0x0, 0x0, 0x5,
    0xf8, 0x6f, 0x70, 0x0, 0x0, 0x4f, 0x86, 0xf7,
    0x0, 0x0, 0x4, 0xf8, 0x6f, 0x70, 0x0, 0x0,
    0x6f, 0x76, 0xf7, 0x0, 0x0, 0x8, 0xf4, 0x6f,
    0x70, 0x0, 0x0, 0xef, 0x16, 0xf7, 0x0, 0x0,
    0x8f, 0x90, 0x6f, 0xb7, 0x78, 0xdf, 0xc1, 0x6,
    0xff, 0xff, 0xec, 0x70, 0x0,

    /* U+0045 "E" */
    0x6f, 0xff, 0xff, 0xff, 0xf0, 0x6f, 0xb7, 0x77,
    0x77, 0x70, 0x6f, 0x70, 0x0, 0x0, 0x0, 0x6f,
    0x70, 0x0, 0x0, 0x0, 0x6f, 0x70, 0x0, 0x0,
    0x0, 0x6f, 0x82, 0x22, 0x22, 0x0, 0x6f, 0xff,
    0xff, 0xff, 0x50, 0x6f, 0xa5, 0x55, 0x55, 0x10,
    0x6f, 0x70, 0x0, 0x0, 0x0, 0x6f, 0x70, 0x0,
    0x0, 0x0, 0x6f, 0x70, 0x0, 0x0, 0x0, 0x6f,
    0x70, 0x0, 0x0, 0x0, 0x6f, 0xb7, 0x77, 0x77,
    0x70, 0x6f, 0xff, 0xff, 0xff, 0xf0,

    /* U+0046 "F" */
    0x6f, 0xff, 0xff, 0xff, 0xf2, 0x6f, 0xb7, 0x77,
    0x77, 0x70, 0x6f, 0x70, 0x0, 0x0, 0x0, 0x6f,
    0x70, 0x0, 0x0, 0x0, 0x6f, 0x70, 0x0, 0x0,
    0x0, 0x6f, 0x70, 0x0, 0x0, 0x0, 0x6f, 0x82,
    0x22, 0x22, 0x10, 0x6f, 0xff, 0xff, 0xff, 0xb0,
    0x6f, 0xa5, 0x55, 0x55, 0x30, 0x6f, 0x70, 0x0,
    0x0, 0x0, 0x6f, 0x70, 0x0, 0x0, 0x0, 0x6f,
    0x70, 0x0, 0x0, 0x0, 0x6f, 0x70, 0x0, 0x0,
    0x0, 0x6f, 0x70, 0x0, 0x0, 0x0,

    /* U+0047 "G" */
    0x0, 0x1, 0x8d, 0xfe, 0xc6, 0x0, 0x0, 0x3e,
    0xfb, 0x89, 0xdf, 0xb0, 0x1, 0xfe, 0x30, 0x0,
    0x6, 0xd1, 0x9, 0xf5, 0x0, 0x0, 0x0, 0x0,
    0xe, 0xe0, 0x0, 0x0, 0x0, 0x0, 0x2f, 0xa0,
    0x0, 0x0, 0x0, 0x0, 0x4f, 0x90, 0x0, 0x1,
    0x11, 0x10, 0x4f, 0x90, 0x0, 0xaf, 0xff, 0xf8,
    0x3f, 0xa0, 0x0, 0x24, 0x47, 0xf8, 0xf, 0xd0,
    0x0, 0x0, 0x5, 0xf8, 0xa, 0xf3, 0x0, 0x0,
    0x5, 0xf8, 0x2, 0xfc, 0x0, 0x0, 0x5, 0xf8,
    0x0, 0x5f, 0xd6, 0x35, 0x9f, 0xf8, 0x0, 0x3,
    0xae, 0xfe, 0xb5, 0xe8,

    /* U+0048 "H" */
    0x6f, 0x70, 0x0, 0x0, 0xe, 0xf6, 0xf7, 0x0,
    0x0, 0x0, 0xef, 0x6f, 0x70, 0x0, 0x0, 0xe,
    0xf6, 0xf7, 0x0, 0x0, 0x0, 0xef, 0x6f, 0x70,
    0x0, 0x0, 0xe, 0xf6, 0xf7, 0x0, 0x0, 0x0,
    0xef, 0x6f, 0xb8, 0x88, 0x88, 0x8f, 0xf6, 0xff,
    0xff, 0xff, 0xff, 0xff, 0x6f, 0x70, 0x0, 0x0,
    0xe, 0xf6, 0xf7, 0x0, 0x0, 0x0, 0xef, 0x6f,
    0x70, 0x0, 0x0, 0xe, 0xf6, 0xf7, 0x0, 0x0,
    0x0, 0xef, 0x6f, 0x70, 0x0, 0x0, 0xe, 0xf6,
    0xf7, 0x0, 0x0, 0x0, 0xef,

    /* U+0049 "I" */
    0xfd, 0xfd, 0xfd, 0xfd, 0xfd, 0xfd, 0xfd, 0xfd,
    0xfd, 0xfd, 0xfd, 0xfd, 0xfd, 0xfd,

    /* U+004A "J" */
    0x0, 0x0, 0xa, 0xf3, 0x0, 0x0, 0xa, 0xf3,
    0x0, 0x0, 0xa, 0xf3, 0x0, 0x0, 0xa, 0xf3,
    0x0, 0x0, 0xa, 0xf3, 0x0, 0x0, 0xa, 0xf3,
    0x0, 0x0, 0xa, 0xf3, 0x0, 0x0, 0xa, 0xf3,
    0x0, 0x0, 0xa, 0xf3, 0x0, 0x0, 0xa, 0xf3,
    0x0, 0x0, 0xc, 0xf1, 0x10, 0x0, 0x2f, 0xe0,
    0x9e, 0x99, 0xef, 0x70, 0x3b, 0xef, 0xd7, 0x0,

    /* U+004B "K" */
    0x6f, 0x70, 0x0, 0x4, 0xfd, 0x6, 0xf7, 0x0,
    0x2, 0xfe, 0x10, 0x6f, 0x70, 0x1, 0xdf, 0x30,
    0x6, 0xf7, 0x0, 0xbf, 0x50, 0x0, 0x6f, 0x70,
    0x8f, 0x80, 0x0, 0x6, 0xf7, 0x6f, 0xd0, 0x0,
    0x0, 0x6f, 0xaf, 0xff, 0x30, 0x0, 0x6, 0xff,
    0xe6, 0xfd, 0x0, 0x0, 0x6f, 0xf3, 0x9, 0xf7,
    0x0, 0x6, 0xf8, 0x0, 0x1e, 0xf2, 0x0, 0x6f,
    0x70, 0x0, 0x5f, 0xb0, 0x6, 0xf7, 0x0, 0x0,
    0xbf, 0x50, 0x6f, 0x70, 0x0, 0x1, 0xfe, 0x16,
    0xf7, 0x0, 0x0, 0x6, 0xf9,

    /* U+004C "L" */
    0x6f, 0x70, 0x0, 0x0, 0x0, 0x6f, 0x70, 0x0,
    0x0, 0x0, 0x6f, 0x70, 0x0, 0x0, 0x0, 0x6f,
    0x70, 0x0, 0x0, 0x0, 0x6f, 0x70, 0x0, 0x0,
    0x0, 0x6f, 0x70, 0x0, 0x0, 0x0, 0x6f, 0x70,
    0x0, 0x0, 0x0, 0x6f, 0x70, 0x0, 0x0, 0x0,
    0x6f, 0x70, 0x0, 0x0, 0x0, 0x6f, 0x70, 0x0,
    0x0, 0x0, 0x6f, 0x70, 0x0, 0x0, 0x0, 0x6f,
    0x70, 0x0, 0x0, 0x0, 0x6f, 0xb7, 0x77, 0x77,
    0x71, 0x6f, 0xff, 0xff, 0xff, 0xf3,

    /* U+004D "M" */
    0x6f, 0xe0, 0x0, 0x0, 0x0, 0xe, 0xf5, 0x6f,
    0xf4, 0x0, 0x0, 0x0, 0x5f, 0xf5, 0x6f, 0xfa,
    0x0, 0x0, 0x0, 0xbf, 0xf5, 0x6f, 0xef, 0x0,
    0x0, 0x1, 0xfe, 0xf5, 0x6f, 0x9f, 0x50, 0x0,
    0x6, 0xf9, 0xf5, 0x6f, 0x6c, 0xb0, 0x0, 0xc,
    0xc7, 0xf5, 0x6f, 0x66, 0xf1, 0x0, 0x2f, 0x67,
    0xf5, 0x6f, 0x61, 0xf7, 0x0, 0x8f, 0x17, 0xf5,
    0x6f, 0x60, 0xbd, 0x0, 0xda, 0x7, 0xf5, 0x6f,
    0x60, 0x5f, 0x23, 0xf4, 0x7, 0xf5, 0x6f, 0x60,
    0xe, 0x89, 0xe0, 0x7, 0xf5, 0x6f, 0x60, 0x9,
    0xee, 0x80, 0x7, 0xf5, 0x6f, 0x60, 0x3, 0xff,
    0x20, 0x7, 0xf5, 0x6f, 0x60, 0x0, 0xdc, 0x0,
    0x7, 0xf5,

    /* U+004E "N" */
    0x6f, 0xd0, 0x0, 0x0, 0xc, 0xf0, 0x6f, 0xf7,
    0x0, 0x0, 0xc, 0xf0, 0x6f, 0xff, 0x10, 0x0,
    0xc, 0xf0, 0x6f, 0xaf, 0xa0, 0x0, 0xc, 0xf0,
    0x6f, 0x79, 0xf4, 0x0, 0xc, 0xf0, 0x6f, 0x71,
    0xed, 0x0, 0xc, 0xf0, 0x6f, 0x70, 0x5f, 0x80,
    0xc, 0xf0, 0x6f, 0x70, 0xc, 0xf2, 0xc, 0xf0,
    0x6f, 0x70, 0x2, 0xfb, 0xc, 0xf0, 0x6f, 0x70,
    0x0, 0x8f, 0x5c, 0xf0, 0x6f, 0x70, 0x0, 0xe,
    0xed, 0xf0, 0x6f, 0x70, 0x0, 0x5, 0xff, 0xf0,
    0x6f, 0x70, 0x0, 0x0, 0xbf, 0xf0, 0x6f, 0x70,
    0x0, 0x0, 0x2f, 0xf0,

    /* U+004F "O" */
    0x0, 0x2, 0x9d, 0xfe, 0xb4, 0x0, 0x0, 0x5,
    0xff, 0xa7, 0x9e, 0xf8, 0x0, 0x2, 0xfe, 0x20,
    0x0, 0x1c, 0xf5, 0x0, 0xaf, 0x50, 0x0, 0x0,
    0x2f, 0xd0, 0xf, 0xe0, 0x0, 0x0, 0x0, 0xaf,
    0x32, 0xfa, 0x0, 0x0, 0x0, 0x6, 0xf6, 0x4f,
    0x80, 0x0, 0x0, 0x0, 0x5f, 0x84, 0xf8, 0x0,
    0x0, 0x0, 0x5, 0xf7, 0x2f, 0xa0, 0x0, 0x0,
    0x0, 0x6f, 0x60, 0xfe, 0x0, 0x0, 0x0, 0xa,
    0xf3, 0xa, 0xf5, 0x0, 0x0, 0x2, 0xfd, 0x0,
    0x2f, 0xe2, 0x0, 0x1, 0xcf, 0x50, 0x0, 0x5f,
    0xfa, 0x79, 0xef, 0x80, 0x0, 0x0, 0x29, 0xdf,
    0xeb, 0x40, 0x0,

    /* U+0050 "P" */
    0x6f, 0xff, 0xff, 0xc6, 0x0, 0x6f, 0xb7, 0x79,
    0xef, 0x90, 0x6f, 0x70, 0x0, 0x1e, 0xf2, 0x6f,
    0x70, 0x0, 0x7, 0xf5, 0x6f, 0x70, 0x0, 0x5,
    0xf6, 0x6f, 0x70, 0x0, 0x7, 0xf5, 0x6f, 0x70,
    0x0, 0x1e, 0xf1, 0x6f, 0xb8, 0x89, 0xef, 0x60,
    0x6f, 0xff, 0xfe, 0xb4, 0x0, 0x6f, 0x70, 0x0,
    0x0, 0x0, 0x6f, 0x70, 0x0, 0x0, 0x0, 0x6f,
    0x70, 0x0, 0x0, 0x0, 0x6f, 0x70, 0x0, 0x0,
    0x0, 0x6f, 0x70, 0x0, 0x0, 0x0,

    /* U+0051 "Q" */
    0x0, 0x2, 0x9d, 0xfe, 0xb4, 0x0, 0x0, 0x5,
    0xff, 0xa7, 0x9e, 0xf8, 0x0, 0x2, 0xfe, 0x20,
    0x0, 0x1c, 0xf5, 0x0, 0xaf, 0x50, 0x0, 0x0,
    0x1f, 0xe0, 0xf, 0xe0, 0x0, 0x0, 0x0, 0xaf,
    0x32, 0xfa, 0x0, 0x0, 0x0, 0x6, 0xf6, 0x4f,
    0x80, 0x0, 0x0, 0x0, 0x5f, 0x84, 0xf8, 0x0,
    0x0, 0x0, 0x5, 0xf8, 0x3f, 0xa0, 0x0, 0x0,
    0x0, 0x7f, 0x60, 0xfe, 0x0, 0x0, 0x0, 0xb,
    0xf3, 0xa, 0xf5, 0x0, 0x0, 0x2, 0xfd, 0x0,
    0x2f, 0xf3, 0x0, 0x1, 0xdf, 0x50, 0x0, 0x4f,
    0xfb, 0x9a, 0xff, 0x70, 0x0, 0x0, 0x29, 0xdf,
    0xfc, 0x30, 0x0, 0x0, 0x0, 0x0, 0x4b, 0xfe,
    0xa8, 0x0, 0x0, 0x0, 0x0, 0x1, 0x6a, 0xc0,

    /* U+0052 "R" */
    0x6f, 0xff, 0xff, 0xd8, 0x0, 0x6, 0xfb, 0x77,
    0x9d, 0xfb, 0x0, 0x6f, 0x70, 0x0, 0xc, 0xf3,
    0x6, 0xf7, 0x0, 0x0, 0x6f, 0x60, 0x6f, 0x70,
    0x0, 0x6, 0xf5, 0x6, 0xf7, 0x0, 0x0, 0xaf,
    0x20, 0x6f, 0x82, 0x23, 0x9f, 0x90, 0x6, 0xff,
    0xff, 0xff, 0x70, 0x0, 0x6f, 0xa5, 0x5b, 0xf8,
    0x0, 0x6, 0xf7, 0x0, 0xd, 0xf1, 0x0, 0x6f,
    0x70, 0x0, 0x6f, 0x80, 0x6, 0xf7, 0x0, 0x0,
    0xfe, 0x0, 0x6f, 0x70, 0x0, 0x9, 0xf6, 0x6,
    0xf7, 0x0, 0x0, 0x2f, 0xc0,

    /* U+0053 "S" */
    0x0, 0x2a, 0xdf, 0xe9, 0x10, 0x2, 0xff, 0xa8,
    0xaf, 0xe2, 0xa, 0xf5, 0x0, 0x3, 0xb2, 0xb,
    0xf2, 0x0, 0x0, 0x0, 0x8, 0xf8, 0x0, 0x0,
    0x0, 0x0, 0xdf, 0xc3, 0x0, 0x0, 0x0, 0x9,
    0xff, 0xb3, 0x0, 0x0, 0x0, 0x2a, 0xff, 0x60,
    0x0, 0x0, 0x0, 0x3e, 0xf3, 0x0, 0x0, 0x0,
    0x4, 0xfa, 0x0, 0x0, 0x0, 0x1, 0xfb, 0xc,
    0x90, 0x0, 0x7, 0xf8, 0x9, 0xfe, 0x98, 0xbf,
    0xd1, 0x0, 0x5b, 0xef, 0xd8, 0x10,

    /* U+0054 "T" */
    0xaf, 0xff, 0xff, 0xff, 0xff, 0xc4, 0x66, 0x69,
    0xfb, 0x66, 0x65, 0x0, 0x0, 0x5f, 0x80, 0x0,
    0x0, 0x0, 0x5, 0xf8, 0x0, 0x0, 0x0, 0x0,
    0x5f, 0x80, 0x0, 0x0, 0x0, 0x5, 0xf8, 0x0,
    0x0, 0x0, 0x0, 0x5f, 0x80, 0x0, 0x0, 0x0,
    0x5, 0xf8, 0x0, 0x0, 0x0, 0x0, 0x5f, 0x80,
    0x0, 0x0, 0x0, 0x5, 0xf8, 0x0, 0x0, 0x0,
    0x0, 0x5f, 0x80, 0x0, 0x0, 0x0, 0x5, 0xf8,
    0x0, 0x0, 0x0, 0x0, 0x5f, 0x80, 0x0, 0x0,
    0x0, 0x5, 0xf8, 0x0, 0x0,

    /* U+0055 "U" */
    0x7f, 0x60, 0x0, 0x0, 0x3f, 0x97, 0xf6, 0x0,
    0x0, 0x3, 0xf9, 0x7f, 0x60, 0x0, 0x0, 0x3f,
    0x97, 0xf6, 0x0, 0x0, 0x3, 0xf9, 0x7f, 0x60,
    0x0, 0x0, 0x3f, 0x97, 0xf6, 0x0, 0x0, 0x3,
    0xf9, 0x7f, 0x60, 0x0, 0x0, 0x3f, 0x97, 0xf6,
    0x0, 0x0, 0x3, 0xf9, 0x7f, 0x60, 0x0, 0x0,
    0x3f, 0x96, 0xf7, 0x0, 0x0, 0x5, 0xf8, 0x3f,
    0xb0, 0x0, 0x0, 0x8f, 0x50, 0xdf, 0x40, 0x0,
    0x2f, 0xf0, 0x4, 0xff, 0xa8, 0xaf, 0xf5, 0x0,
    0x2, 0xae, 0xfe, 0xb3, 0x0,

    /* U+0056 "V" */
    0x7f, 0x70, 0x0, 0x0, 0x6, 0xf8, 0x2f, 0xc0,
    0x0, 0x0, 0xc, 0xf3, 0xc, 0xf1, 0x0, 0x0,
    0x1f, 0xd0, 0x7, 0xf6, 0x0, 0x0, 0x6f, 0x80,
    0x1, 0xfb, 0x0, 0x0, 0xbf, 0x20, 0x0, 0xcf,
    0x10, 0x0, 0xfd, 0x0, 0x0, 0x7f, 0x60, 0x5,
    0xf7, 0x0, 0x0, 0x1f, 0xb0, 0xa, 0xf2, 0x0,
    0x0, 0xc, 0xf0, 0xf, 0xc0, 0x0, 0x0, 0x6,
    0xf5, 0x5f, 0x70, 0x0, 0x0, 0x1, 0xfa, 0xaf,
    0x10, 0x0, 0x0, 0x0, 0xbf, 0xfc, 0x0, 0x0,
    0x0, 0x0, 0x6f, 0xf6, 0x0, 0x0, 0x0, 0x0,
    0x1f, 0xf1, 0x0, 0x0,

    /* U+0057 "W" */
    0x5f, 0x90, 0x0, 0xc, 0xf5, 0x0, 0x0, 0xff,
    0x2, 0xfc, 0x0, 0x0, 0xff, 0x90, 0x0, 0x2f,
    0xb0, 0xe, 0xf0, 0x0, 0x4f, 0xfe, 0x0, 0x5,
    0xf8, 0x0, 0xbf, 0x20, 0x8, 0xf7, 0xf2, 0x0,
    0x8f, 0x50, 0x8, 0xf4, 0x0, 0xcc, 0x2f, 0x60,
    0xb, 0xf2, 0x0, 0x5f, 0x70, 0xf, 0x80, 0xea,
    0x0, 0xee, 0x0, 0x1, 0xfa, 0x4, 0xf4, 0xa,
    0xe0, 0x1f, 0xb0, 0x0, 0xe, 0xd0, 0x9f, 0x0,
    0x5f, 0x23, 0xf8, 0x0, 0x0, 0xbf, 0xd, 0xb0,
    0x1, 0xf7, 0x6f, 0x40, 0x0, 0x7, 0xf4, 0xf7,
    0x0, 0xd, 0xb9, 0xf1, 0x0, 0x0, 0x4f, 0xbf,
    0x30, 0x0, 0x9f, 0xce, 0x0, 0x0, 0x1, 0xff,
    0xe0, 0x0, 0x5, 0xff, 0xa0, 0x0, 0x0, 0xd,
    0xfa, 0x0, 0x0, 0x1f, 0xf7, 0x0, 0x0, 0x0,
    0xaf, 0x60, 0x0, 0x0, 0xcf, 0x40, 0x0,

    /* U+0058 "X" */
    0xc, 0xf4, 0x0, 0x0, 0x3f, 0xe0, 0x3, 0xfd,
    0x0, 0x0, 0xbf, 0x50, 0x0, 0x9f, 0x60, 0x4,
    0xfb, 0x0, 0x0, 0x1e, 0xe0, 0xd, 0xf2, 0x0,
    0x0, 0x6, 0xf8, 0x6f, 0x80, 0x0, 0x0, 0x0,
    0xcf, 0xee, 0x0, 0x0, 0x0, 0x0, 0x3f, 0xf5,
    0x0, 0x0, 0x0, 0x0, 0x6f, 0xf8, 0x0, 0x0,
    0x0, 0x1, 0xee, 0xdf, 0x20, 0x0, 0x0, 0x9,
    0xf5, 0x3f, 0xb0, 0x0, 0x0, 0x3f, 0xc0, 0xa,
    0xf5, 0x0, 0x0, 0xcf, 0x30, 0x2, 0xfe, 0x0,
    0x6, 0xfa, 0x0, 0x0, 0x8f, 0x80, 0x1e, 0xf1,
    0x0, 0x0, 0xe, 0xf2,

    /* U+0059 "Y" */
    0x6f, 0x90, 0x0, 0x0, 0x3f, 0xd0, 0xd, 0xf2,
    0x0, 0x0, 0xbf, 0x40, 0x5, 0xf9, 0x0, 0x3,
    0xfc, 0x0, 0x0, 0xcf, 0x20, 0xb, 0xf4, 0x0,
    0x0, 0x4f, 0x90, 0x3f, 0xb0, 0x0, 0x0, 0xc,
    0xf2, 0xbf, 0x30, 0x0, 0x0, 0x3, 0xfc, 0xfa,
    0x0, 0x0, 0x0, 0x0, 0xbf, 0xf2, 0x0, 0x0,
    0x0, 0x0, 0x4f, 0xb0, 0x0, 0x0, 0x0, 0x0,
    0x3f, 0xa0, 0x0, 0x0, 0x0, 0x0, 0x3f, 0xa0,
    0x0, 0x0, 0x0, 0x0, 0x3f, 0xa0, 0x0, 0x0,
    0x0, 0x0, 0x3f, 0xa0, 0x0, 0x0, 0x0, 0x0,
    0x3f, 0xa0, 0x0, 0x0,

    /* U+005A "Z" */
    0xb, 0xff, 0xff, 0xff, 0xff, 0x60, 0x57, 0x77,
    0x77, 0x8f, 0xf2, 0x0, 0x0, 0x0, 0x8, 0xf7,
    0x0, 0x0, 0x0, 0x3, 0xfc, 0x0, 0x0, 0x0,
    0x0, 0xcf, 0x20, 0x0, 0x0, 0x0, 0x7f, 0x80,
    0x0, 0x0, 0x0, 0x2f, 0xd0, 0x0, 0x0, 0x0,
    0xc, 0xf3, 0x0, 0x0, 0x0, 0x6, 0xf9, 0x0,
    0x0, 0x0, 0x1, 0xfe, 0x0, 0x0, 0x0, 0x0,
    0xbf, 0x40, 0x0, 0x0, 0x0, 0x5f, 0xa0, 0x0,
    0x0, 0x0, 0x1e, 0xf8, 0x77, 0x77, 0x77, 0x55,
    0xff, 0xff, 0xff, 0xff, 0xfa,

    /* U+005B "[" */
    0xcf, 0xff, 0xac, 0xf4, 0x42, 0xcf, 0x0, 0xc,
    0xf0, 0x0, 0xcf, 0x0, 0xc, 0xf0, 0x0, 0xcf,
    0x0, 0xc, 0xf0, 0x0, 0xcf, 0x0, 0xc, 0xf0,
    0x0, 0xcf, 0x0, 0xc, 0xf0, 0x0, 0xcf, 0x0,
    0xc, 0xf0, 0x0, 0xcf, 0x0, 0xc, 0xff, 0xfa,
    0x23, 0x33, 0x20,

    /* U+005C "\\" */
    0x3f, 0x70, 0x0, 0x0, 0x0, 0xb, 0xe0, 0x0,
    0x0, 0x0, 0x3, 0xf7, 0x0, 0x0, 0x0, 0x0,
    0xbe, 0x0, 0x0, 0x0, 0x0, 0x3f, 0x70, 0x0,
    0x0, 0x0, 0xb, 0xe0, 0x0, 0x0, 0x0, 0x3,
    0xf7, 0x0, 0x0, 0x0, 0x0, 0xae, 0x0, 0x0,
    0x0, 0x0, 0x2f, 0x70, 0x0, 0x0, 0x0, 0xa,
    0xe0, 0x0, 0x0, 0x0, 0x2, 0xf8, 0x0, 0x0,
    0x0, 0x0, 0xaf, 0x10, 0x0, 0x0, 0x0, 0x2f,
    0x80, 0x0, 0x0, 0x0, 0xa, 0xf1, 0x0, 0x0,
    0x0, 0x2, 0xf8,

    /* U+005D "]" */
    0x7f, 0xff, 0xf2, 0x44, 0xef, 0x0, 0xd, 0xf0,
    0x0, 0xdf, 0x0, 0xd, 0xf0, 0x0, 0xdf, 0x0,
    0xd, 0xf0, 0x0, 0xdf, 0x0, 0xd, 0xf0, 0x0,
    0xdf, 0x0, 0xd, 0xf0, 0x0, 0xdf, 0x0, 0xd,
    0xf0, 0x0, 0xdf, 0x0, 0xd, 0xf7, 0xff, 0xff,
    0x13, 0x33, 0x30,

    /* U+005E "^" */
    0x0, 0x0, 0x7, 0x50, 0x0, 0x0, 0x0, 0x5,
    0xff, 0x10, 0x0, 0x0, 0x0, 0xcd, 0xf7, 0x0,
    0x0, 0x0, 0x3f, 0x5a, 0xe0, 0x0, 0x0, 0xa,
    0xe0, 0x3f, 0x60, 0x0, 0x2, 0xf7, 0x0, 0xcd,
    0x0, 0x0, 0x9f, 0x10, 0x5, 0xf4, 0x0, 0x1f,
    0xa0, 0x0, 0xe, 0xb0, 0x7, 0xf3, 0x0, 0x0,
    0x7f, 0x20, 0xec, 0x0, 0x0, 0x1, 0xf9,

    /* U+005F "_" */
    0x11, 0x11, 0x11, 0xf, 0xff, 0xff, 0xf7, 0x33,
    0x33, 0x33, 0x10,

    /* U+0060 "`" */
    0xc, 0xd0, 0x0, 0x2f, 0x70, 0x0, 0x6e, 0x10,

    /* U+0061 "a" */
    0x0, 0x6c, 0xfe, 0xc4, 0x0, 0x9, 0xf9, 0x66,
    0xdf, 0x50, 0x3, 0x30, 0x0, 0x1f, 0xc0, 0x0,
    0x0, 0x0, 0xd, 0xe0, 0x0, 0x7c, 0xef, 0xff,
    0xe0, 0xb, 0xf8, 0x43, 0x3d, 0xe0, 0x2f, 0x90,
    0x0, 0xc, 0xe0, 0x1f, 0x80, 0x0, 0x1f, 0xe0,
    0xb, 0xe5, 0x25, 0xde, 0xe0, 0x1, 0x9e, 0xfc,
    0x57, 0xf0,

    /* U+0062 "b" */
    0xcf, 0x0, 0x0, 0x0, 0x0, 0xcf, 0x0, 0x0,
    0x0, 0x0, 0xcf, 0x0, 0x0, 0x0, 0x0, 0xcf,
    0x0, 0x0, 0x0, 0x0, 0xcf, 0x2b, 0xff, 0xb3,
    0x0, 0xcf, 0xe9, 0x57, 0xef, 0x20, 0xcf, 0x70,
    0x0, 0x3f, 0xb0, 0xcf, 0x10, 0x0, 0xc, 0xf0,
    0xcf, 0x0, 0x0, 0x9, 0xf2, 0xcf, 0x0, 0x0,
    0x9, 0xf1, 0xcf, 0x0, 0x0, 0xb, 0xf0, 0xcf,
    0x40, 0x0, 0x2f, 0xa0, 0xce, 0xe6, 0x24, 0xdf,
    0x20, 0xcc, 0x2b, 0xff, 0xb2, 0x0,

    /* U+0063 "c" */
    0x0, 0x2a, 0xef, 0xd8, 0x0, 0x3, 0xff, 0x86,
    0x8f, 0xc0, 0xd, 0xf2, 0x0, 0x2, 0x60, 0x2f,
    0x90, 0x0, 0x0, 0x0, 0x4f, 0x70, 0x0, 0x0,
    0x0, 0x4f, 0x70, 0x0, 0x0, 0x0, 0x2f, 0x90,
    0x0, 0x0, 0x0, 0xd, 0xf2, 0x0, 0x2, 0x60,
    0x3, 0xff, 0x86, 0x8f, 0xc0, 0x0, 0x3a, 0xef,
    0xd8, 0x0,

    /* U+0064 "d" */
    0x0, 0x0, 0x0, 0x1, 0xf9, 0x0, 0x0, 0x0,
    0x1, 0xf9, 0x0, 0x0, 0x0, 0x1, 0xf9, 0x0,
    0x0, 0x0, 0x1, 0xf9, 0x0, 0x4b, 0xfe, 0x92,
    0xf9, 0x4, 0xfd, 0x65, 0xad, 0xf9, 0xd, 0xe1,
    0x0, 0xa, 0xf9, 0x2f, 0x90, 0x0, 0x3, 0xf9,
    0x4f, 0x60, 0x0, 0x1, 0xf9, 0x4f, 0x60, 0x0,
    0x1, 0xf9, 0x2f, 0x90, 0x0, 0x2, 0xf9, 0xd,
    0xe0, 0x0, 0x7, 0xf9, 0x4, 0xfb, 0x33, 0x7d,
    0xf9, 0x0, 0x4c, 0xfe, 0xa1, 0xea,

    /* U+0065 "e" */
    0x0, 0x2a, 0xef, 0xd8, 0x0, 0x3, 0xfe, 0x76,
    0x9f, 0xb0, 0xc, 0xe1, 0x0, 0x5, 0xf4, 0x1f,
    0x90, 0x0, 0x0, 0xf8, 0x3f, 0xff, 0xff, 0xff,
    0xfa, 0x4f, 0x93, 0x33, 0x33, 0x32, 0x1f, 0xb0,
    0x0, 0x0, 0x0, 0xc, 0xf3, 0x0, 0x2, 0xa0,
    0x3, 0xff, 0x97, 0x9f, 0xd0, 0x0, 0x2a, 0xef,
    0xd8, 0x0,

    /* U+0066 "f" */
    0x0, 0x2b, 0xee, 0x80, 0xd, 0xf6, 0x55, 0x1,
    0xf9, 0x0, 0x0, 0x3f, 0x80, 0x0, 0xdf, 0xff,
    0xff, 0x62, 0x5f, 0x93, 0x31, 0x3, 0xf8, 0x0,
    0x0, 0x3f, 0x80, 0x0, 0x3, 0xf8, 0x0, 0x0,
    0x3f, 0x80, 0x0, 0x3, 0xf8, 0x0, 0x0, 0x3f,
    0x80, 0x0, 0x3, 0xf8, 0x0, 0x0, 0x3f, 0x80,
    0x0,

    /* U+0067 "g" */
    0x0, 0x4c, 0xfe, 0xa1, 0xd9, 0x5, 0xfd, 0x65,
    0xad, 0xf9, 0xe, 0xf1, 0x0, 0x9, 0xf9, 0x2f,
    0x90, 0x0, 0x3, 0xf9, 0x4f, 0x60, 0x0, 0x1,
    0xf9, 0x4f, 0x70, 0x0, 0x1, 0xf9, 0x2f, 0x90,
    0x0, 0x3, 0xf9, 0xd, 0xf1, 0x0, 0x9, 0xf9,
    0x4, 0xfe, 0x76, 0xad, 0xf9, 0x0, 0x4c, 0xff,
    0xa2, 0xf9, 0x0, 0x0, 0x0, 0x2, 0xf7, 0x0,
    0x0, 0x0, 0xa, 0xf3, 0x6, 0xd9, 0x77, 0xcf,
    0xa0, 0x2, 0x9d, 0xff, 0xc7, 0x0,

    /* U+0068 "h" */
    0xce, 0x0, 0x0, 0x0, 0xc, 0xe0, 0x0, 0x0,
    0x0, 0xce, 0x0, 0x0, 0x0, 0xc, 0xe0, 0x0,
    0x0, 0x0, 0xce, 0x19, 0xef, 0xc4, 0xc, 0xfd,
    0xb5, 0x6e, 0xf2, 0xcf, 0x90, 0x0, 0x2f, 0xac,
    0xf1, 0x0, 0x0, 0xdd, 0xcf, 0x0, 0x0, 0xc,
    0xec, 0xe0, 0x0, 0x0, 0xcf, 0xce, 0x0, 0x0,
    0xc, 0xfc, 0xe0, 0x0, 0x0, 0xcf, 0xce, 0x0,
    0x0, 0xc, 0xfc, 0xe0, 0x0, 0x0, 0xcf,

    /* U+0069 "i" */
    0x8f, 0x6a, 0xf8, 0x2, 0x0, 0x0, 0x6f, 0x46,
    0xf4, 0x6f, 0x46, 0xf4, 0x6f, 0x46, 0xf4, 0x6f,
    0x46, 0xf4, 0x6f, 0x46, 0xf4,

    /* U+006A "j" */
    0x0, 0x5f, 0x90, 0x7, 0xfb, 0x0, 0x2, 0x0,
    0x0, 0x0, 0x0, 0x2f, 0x80, 0x2, 0xf8, 0x0,
    0x2f, 0x80, 0x2, 0xf8, 0x0, 0x2f, 0x80, 0x2,
    0xf8, 0x0, 0x2f, 0x80, 0x2, 0xf8, 0x0, 0x2f,
    0x80, 0x2, 0xf8, 0x0, 0x4f, 0x71, 0x2c, 0xf3,
    0xef, 0xf7, 0x2, 0x31, 0x0,

    /* U+006B "k" */
    0xce, 0x0, 0x0, 0x0, 0xc, 0xe0, 0x0, 0x0,
    0x0, 0xce, 0x0, 0x0, 0x0, 0xc, 0xe0, 0x0,
    0x0, 0x0, 0xce, 0x0, 0x3, 0xfc, 0xc, 0xe0,
    0x3, 0xfc, 0x0, 0xce, 0x3, 0xfc, 0x0, 0xc,
    0xe3, 0xfd, 0x10, 0x0, 0xcf, 0xff, 0xe0, 0x0,
    0xc, 0xfc, 0x5f, 0x90, 0x0, 0xcf, 0x10, 0xaf,
    0x40, 0xc, 0xe0, 0x1, 0xee, 0x10, 0xce, 0x0,
    0x4, 0xf9, 0xc, 0xe0, 0x0, 0xa, 0xf4,

    /* U+006C "l" */
    0x9f, 0x10, 0x9, 0xf1, 0x0, 0x9f, 0x10, 0x9,
    0xf1, 0x0, 0x9f, 0x10, 0x9, 0xf1, 0x0, 0x9f,
    0x10, 0x9, 0xf1, 0x0, 0x9f, 0x10, 0x9, 0xf1,
    0x0, 0x9f, 0x10, 0x9, 0xf1, 0x0, 0x7f, 0x85,
    0x11, 0xbf, 0xd3,

    /* U+006D "m" */
    0xda, 0x2b, 0xfe, 0xa0, 0x2a, 0xef, 0xb1, 0xc,
    0xcd, 0x63, 0x7f, 0xbe, 0x73, 0x5e, 0xd0, 0xcf,
    0x50, 0x0, 0xbf, 0x80, 0x0, 0x6f, 0x4c, 0xf0,
    0x0, 0x8, 0xf4, 0x0, 0x3, 0xf7, 0xce, 0x0,
    0x0, 0x7f, 0x30, 0x0, 0x2f, 0x8c, 0xe0, 0x0,
    0x7, 0xf3, 0x0, 0x2, 0xf8, 0xce, 0x0, 0x0,
    0x7f, 0x30, 0x0, 0x2f, 0x8c, 0xe0, 0x0, 0x7,
    0xf3, 0x0, 0x2, 0xf8, 0xce, 0x0, 0x0, 0x7f,
    0x30, 0x0, 0x2f, 0x8c, 0xe0, 0x0, 0x7, 0xf3,
    0x0, 0x2, 0xf8,

    /* U+006E "n" */
    0xdb, 0x1a, 0xef, 0xc3, 0xc, 0xdd, 0x83, 0x4d,
    0xf1, 0xcf, 0x70, 0x0, 0x4f, 0x7c, 0xf0, 0x0,
    0x0, 0xfa, 0xce, 0x0, 0x0, 0xf, 0xbc, 0xe0,
    0x0, 0x0, 0xfb, 0xce, 0x0, 0x0, 0xf, 0xbc,
    0xe0, 0x0, 0x0, 0xfb, 0xce, 0x0, 0x0, 0xf,
    0xbc, 0xe0, 0x0, 0x0, 0xfb,

    /* U+006F "o" */
    0x0, 0x19, 0xef, 0xea, 0x20, 0x0, 0x2e, 0xf8,
    0x57, 0xef, 0x30, 0xb, 0xf2, 0x0, 0x1, 0xed,
    0x1, 0xfa, 0x0, 0x0, 0x8, 0xf3, 0x3f, 0x70,
    0x0, 0x0, 0x5f, 0x63, 0xf7, 0x0, 0x0, 0x5,
    0xf6, 0x1f, 0xa0, 0x0, 0x0, 0x8f, 0x30, 0xbf,
    0x20, 0x0, 0x1e, 0xd0, 0x2, 0xef, 0x75, 0x7e,
    0xf3, 0x0, 0x1, 0x9e, 0xfe, 0xa2, 0x0,

    /* U+0070 "p" */
    0xcc, 0x2a, 0xff, 0xb3, 0x0, 0xce, 0xe7, 0x34,
    0xdf, 0x30, 0xbf, 0x50, 0x0, 0x1f, 0xb0, 0xbf,
    0x0, 0x0, 0xa, 0xf0, 0xbf, 0x0, 0x0, 0x8,
    0xf2, 0xbf, 0x0, 0x0, 0x9, 0xf2, 0xbf, 0x10,
    0x0, 0xc, 0xf0, 0xbf, 0x70, 0x0, 0x3f, 0xa0,
    0xbf, 0xe9, 0x56, 0xef, 0x20, 0xbf, 0x2b, 0xfe,
    0xb2, 0x0, 0xbf, 0x0, 0x0, 0x0, 0x0, 0xbf,
    0x0, 0x0, 0x0, 0x0, 0xbf, 0x0, 0x0, 0x0,
    0x0, 0xbf, 0x0, 0x0, 0x0, 0x0,

    /* U+0071 "q" */
    0x0, 0x4c, 0xfe, 0xa1, 0xdb, 0x4, 0xfe, 0x76,
    0xbd, 0xea, 0xd, 0xf1, 0x0, 0x9, 0xfa, 0x2f,
    0x90, 0x0, 0x2, 0xfa, 0x4f, 0x70, 0x0, 0x1,
    0xfa, 0x3f, 0x70, 0x0, 0x1, 0xfa, 0x1f, 0xa0,
    0x0, 0x2, 0xfa, 0xc, 0xf1, 0x0, 0x9, 0xfa,
    0x3, 0xfd, 0x65, 0xad, 0xfa, 0x0, 0x3b, 0xfe,
    0xa2, 0xfa, 0x0, 0x0, 0x0, 0x1, 0xfa, 0x0,
    0x0, 0x0, 0x1, 0xfa, 0x0, 0x0, 0x0, 0x1,
    0xfa, 0x0, 0x0, 0x0, 0x1, 0xfa,

    /* U+0072 "r" */
    0x0, 0x0, 0x0, 0xbe, 0x9, 0xec, 0xae, 0xbb,
    0x42, 0xaf, 0xc0, 0x0, 0xaf, 0x40, 0x0, 0xaf,
    0x10, 0x0, 0xaf, 0x0, 0x0, 0xaf, 0x0, 0x0,
    0xaf, 0x0, 0x0, 0xaf, 0x0, 0x0, 0xaf, 0x0,
    0x0,

    /* U+0073 "s" */
    0x1, 0xae, 0xfc, 0x40, 0xd, 0xf6, 0x5a, 0xe1,
    0x1f, 0xa0, 0x0, 0x10, 0xd, 0xf6, 0x0, 0x0,
    0x1, 0xaf, 0xe8, 0x10, 0x0, 0x2, 0x8f, 0xe2,
    0x0, 0x0, 0x3, 0xf8, 0x2, 0x0, 0x2, 0xf8,
    0x1f, 0xc5, 0x5d, 0xf3, 0x3, 0xbf, 0xeb, 0x30,

    /* U+0074 "t" */
    0x0, 0x0, 0x0, 0x0, 0xc, 0xb0, 0x0, 0x0,
    0xfb, 0x0, 0x0, 0xf, 0xb0, 0x0, 0xcf, 0xff,
    0xff, 0x83, 0x4f, 0xc4, 0x42, 0x0, 0xfb, 0x0,
    0x0, 0xf, 0xb0, 0x0, 0x0, 0xfb, 0x0, 0x0,
    0xf, 0xb0, 0x0, 0x0, 0xfb, 0x0, 0x0, 0xe,
    0xd0, 0x0, 0x0, 0x9f, 0x95, 0x50, 0x1, 0xaf,
    0xf9,

    /* U+0075 "u" */
    0xce, 0x0, 0x0, 0xf, 0xbc, 0xe0, 0x0, 0x0,
    0xfb, 0xce, 0x0, 0x0, 0xf, 0xbc, 0xe0, 0x0,
    0x0, 0xfb, 0xce, 0x0, 0x0, 0xf, 0xbc, 0xe0,
    0x0, 0x0, 0xfb, 0xbf, 0x0, 0x0, 0x1f, 0xb8,
    0xf3, 0x0, 0x8, 0xfb, 0x2f, 0xd4, 0x38, 0xdd,
    0xc0, 0x4c, 0xfe, 0x91, 0xbe,

    /* U+0076 "v" */
    0x9f, 0x20, 0x0, 0x9, 0xf2, 0x3f, 0x80, 0x0,
    0xe, 0xc0, 0xd, 0xd0, 0x0, 0x4f, 0x60, 0x7,
    0xf3, 0x0, 0xaf, 0x10, 0x1, 0xf9, 0x0, 0xfa,
    0x0, 0x0, 0xbe, 0x5, 0xf4, 0x0, 0x0, 0x5f,
    0x4a, 0xe0, 0x0, 0x0, 0xe, 0xaf, 0x80, 0x0,
    0x0, 0x8, 0xff, 0x20, 0x0, 0x0, 0x2, 0xfc,
    0x0, 0x0,

    /* U+0077 "w" */
    0xaf, 0x10, 0x3, 0xf9, 0x0, 0xc, 0xf0, 0x6f,
    0x50, 0x8, 0xfe, 0x0, 0xf, 0xc0, 0x2f, 0x80,
    0xd, 0x9f, 0x30, 0x2f, 0x80, 0xe, 0xb0, 0x2f,
    0x3d, 0x70, 0x6f, 0x40, 0xa, 0xf0, 0x6e, 0x8,
    0xc0, 0x9f, 0x0, 0x6, 0xf2, 0xb9, 0x3, 0xf1,
    0xcc, 0x0, 0x2, 0xf6, 0xf4, 0x0, 0xe6, 0xf8,
    0x0, 0x0, 0xee, 0xf0, 0x0, 0xae, 0xf4, 0x0,
    0x0, 0xaf, 0xb0, 0x0, 0x5f, 0xf0, 0x0, 0x0,
    0x6f, 0x60, 0x0, 0x1f, 0xc0, 0x0,

    /* U+0078 "x" */
    0x3f, 0xa0, 0x0, 0x7f, 0x60, 0x8f, 0x40, 0x1f,
    0xb0, 0x0, 0xdd, 0xa, 0xf1, 0x0, 0x3, 0xfb,
    0xf6, 0x0, 0x0, 0x8, 0xfc, 0x0, 0x0, 0x0,
    0xbf, 0xd0, 0x0, 0x0, 0x6f, 0x6f, 0x90, 0x0,
    0x1f, 0xa0, 0x7f, 0x40, 0xb, 0xf1, 0x0, 0xde,
    0x7, 0xf7, 0x0, 0x4, 0xfa,

    /* U+0079 "y" */
    0x8f, 0x40, 0x0, 0xf, 0xd0, 0x1f, 0xa0, 0x0,
    0x4f, 0x70, 0xb, 0xf0, 0x0, 0x9f, 0x20, 0x5,
    0xf5, 0x0, 0xec, 0x0, 0x0, 0xeb, 0x3, 0xf6,
    0x0, 0x0, 0x8f, 0x18, 0xf1, 0x0, 0x0, 0x2f,
    0x6d, 0xb0, 0x0, 0x0, 0xc, 0xdf, 0x50, 0x0,
    0x0, 0x5, 0xff, 0x0, 0x0, 0x0, 0x1, 0xfa,
    0x0, 0x0, 0x0, 0x6, 0xf3, 0x0, 0x0, 0x0,
    0x1e, 0xc0, 0x0, 0x0, 0x56, 0xde, 0x20, 0x0,
    0x0, 0xee, 0xb2, 0x0, 0x0, 0x0,

    /* U+007A "z" */
    0x3f, 0xff, 0xff, 0xff, 0x40, 0x44, 0x44, 0x5f,
    0xd0, 0x0, 0x0, 0x9, 0xf3, 0x0, 0x0, 0x5,
    0xf6, 0x0, 0x0, 0x2, 0xfb, 0x0, 0x0, 0x0,
    0xce, 0x10, 0x0, 0x0, 0x9f, 0x30, 0x0, 0x0,
    0x5f, 0x70, 0x0, 0x0, 0x2e, 0xe4, 0x44, 0x44,
    0x27, 0xff, 0xff, 0xff, 0xf8,

    /* U+007B "{" */
    0x0, 0x1b, 0xeb, 0x0, 0xaf, 0x63, 0x0, 0xec,
    0x0, 0x0, 0xec, 0x0, 0x0, 0xec, 0x0, 0x0,
    0xec, 0x0, 0x3, 0xfa, 0x0, 0x4f, 0xe1, 0x0,
    0x6, 0xf7, 0x0, 0x0, 0xfc, 0x0, 0x0, 0xec,
    0x0, 0x0, 0xec, 0x0, 0x0, 0xec, 0x0, 0x0,
    0xdd, 0x0, 0x0, 0xbf, 0x30, 0x0, 0x2e, 0xfb,
    0x0, 0x0, 0x22,

    /* U+007C "|" */
    0x6f, 0x36, 0xf3, 0x6f, 0x36, 0xf3, 0x6f, 0x36,
    0xf3, 0x6f, 0x36, 0xf3, 0x6f, 0x36, 0xf3, 0x6f,
    0x36, 0xf3, 0x6f, 0x36, 0xf3, 0x6f, 0x36, 0xf3,
    0x6f, 0x30,

    /* U+007D "}" */
    0x4f, 0xd5, 0x0, 0x15, 0xcf, 0x10, 0x0, 0x6f,
    0x40, 0x0, 0x6f, 0x50, 0x0, 0x6f, 0x50, 0x0,
    0x5f, 0x50, 0x0, 0x3f, 0x90, 0x0, 0x8, 0xfa,
    0x0, 0x2f, 0xb2, 0x0, 0x6f, 0x50, 0x0, 0x6f,
    0x50, 0x0, 0x6f, 0x50, 0x0, 0x6f, 0x50, 0x0,
    0x6f, 0x40, 0x1, 0xbf, 0x10, 0x4f, 0xf7, 0x0,
    0x13, 0x10, 0x0,

    /* U+007E "~" */
    0x0, 0x0, 0x0, 0x0, 0x1, 0xa, 0xff, 0x80,
    0x0, 0x8e, 0x7f, 0x76, 0xed, 0x53, 0xeb, 0xbc,
    0x0, 0x9, 0xff, 0xe3, 0x33, 0x0, 0x0, 0x13,
    0x0,

    /* U+0E01 "ก" */
    0x0, 0x18, 0xdf, 0xea, 0x20, 0x0, 0x1e, 0xe9,
    0x79, 0xff, 0x30, 0xa, 0xe1, 0x0, 0x3, 0xfb,
    0x0, 0xfd, 0x71, 0x0, 0xc, 0xf0, 0x4, 0x9f,
    0xa0, 0x0, 0xaf, 0x0, 0x1f, 0xa0, 0x0, 0xa,
    0xf0, 0x6, 0xf4, 0x0, 0x0, 0xaf, 0x0, 0x7f,
    0x30, 0x0, 0xa, 0xf0, 0x7, 0xf3, 0x0, 0x0,
    0xaf, 0x0, 0x7f, 0x30, 0x0, 0xa, 0xf0, 0x7,
    0xf3, 0x0, 0x0, 0xaf, 0x0, 0x7f, 0x30, 0x0,
    0xa, 0xf0,

    /* U+0E02 "ข" */
    0x4, 0xcf, 0xea, 0x10, 0x4f, 0x63, 0xfc, 0x56,
    0xec, 0x4, 0xf6, 0x9f, 0xfb, 0x8, 0xf0, 0x4f,
    0x69, 0xb1, 0xd4, 0x9f, 0x4, 0xf6, 0x2d, 0xfc,
    0x2f, 0x90, 0x4f, 0x60, 0x0, 0x9, 0xf2, 0x4,
    0xf6, 0x0, 0x0, 0xec, 0x0, 0x4f, 0x60, 0x0,
    0xf, 0xb0, 0x4, 0xf6, 0x0, 0x0, 0xfb, 0x0,
    0x4f, 0x60, 0x0, 0xf, 0xb0, 0x5, 0xf5, 0x0,
    0x0, 0xbf, 0x87, 0xef, 0x10, 0x0, 0x1, 0xae,
    0xfc, 0x40,

    /* U+0E03 "ฃ" */
    0x0, 0x0, 0x1, 0x0, 0x0, 0x0, 0x5f, 0x76,
    0xf9, 0x1, 0xfa, 0x2f, 0xcf, 0xfb, 0xf5, 0x1f,
    0xa8, 0xf2, 0x34, 0x1f, 0x81, 0xfa, 0x9f, 0xfb,
    0x2, 0xf6, 0x1f, 0xa7, 0xc1, 0xc4, 0x7f, 0x11,
    0xfa, 0xb, 0xfb, 0x2f, 0x90, 0x1f, 0xa0, 0x0,
    0x8, 0xf2, 0x1, 0xfa, 0x0, 0x0, 0xbf, 0x0,
    0x1f, 0xa0, 0x0, 0xc, 0xe0, 0x1, 0xfa, 0x0,
    0x0, 0xbf, 0x0, 0x1f, 0x90, 0x0, 0x7, 0xfb,
    0x7c, 0xf4, 0x0, 0x0, 0x8, 0xef, 0xd6, 0x0,

    /* U+0E04 "ค" */
    0x0, 0x19, 0xdf, 0xfc, 0x60, 0x0, 0x3f, 0xfa,
    0x78, 0xdf, 0xb0, 0xc, 0xf2, 0x0, 0x0, 0xaf,
    0x41, 0xfa, 0x0, 0x0, 0x3, 0xf8, 0x2f, 0x80,
    0x9e, 0xd4, 0x2f, 0x90, 0xfa, 0x8f, 0x37, 0xa2,
    0xf9, 0xc, 0xef, 0x7e, 0xe4, 0x2f, 0x90, 0x8f,
    0xd0, 0x0, 0x2, 0xf9, 0x5, 0xf9, 0x0, 0x0,
    0x2f, 0x90, 0x4f, 0x70, 0x0, 0x2, 0xf9, 0x4,
    0xf6, 0x0, 0x0, 0x2f, 0x90, 0x4f, 0x60, 0x0,
    0x2, 0xf9,

    /* U+0E05 "ฅ" */
    0x0, 0x1, 0x0, 0x1, 0x0, 0x0, 0x8, 0xfb,
    0x13, 0xee, 0x40, 0x7, 0xf8, 0xcd, 0xf9, 0xdf,
    0x10, 0xec, 0x0, 0x85, 0x4, 0xf7, 0x1f, 0x80,
    0x0, 0x0, 0x1f, 0x92, 0xf8, 0x6, 0xed, 0x20,
    0xfa, 0xf, 0xa4, 0xf3, 0x7a, 0xf, 0xa0, 0xcc,
    0xbf, 0x37, 0xa0, 0xfa, 0x8, 0xff, 0x7e, 0xd2,
    0xf, 0xa0, 0x5f, 0xb0, 0x0, 0x0, 0xfa, 0x4,
    0xf7, 0x0, 0x0, 0xf, 0xa0, 0x4f, 0x60, 0x0,
    0x0, 0xfa, 0x4, 0xf6, 0x0, 0x0, 0xf, 0xa0,

    /* U+0E06 "ฆ" */
    0x0, 0x0, 0x1, 0x0, 0x0, 0x0, 0x4, 0xe7,
    0x6f, 0x80, 0x6, 0xf4, 0x1e, 0xcf, 0xeb, 0xf3,
    0x6, 0xf4, 0x6f, 0x23, 0x41, 0xf7, 0x6, 0xf4,
    0x9f, 0xea, 0x2, 0xf5, 0x6, 0xf4, 0x9b, 0xc,
    0x47, 0xf1, 0x6, 0xf4, 0x6c, 0xc, 0x5e, 0xa0,
    0x6, 0xf4, 0xa, 0xfa, 0x7f, 0x30, 0x6, 0xf4,
    0x0, 0x0, 0xaf, 0x0, 0x6, 0xf4, 0x0, 0x3d,
    0xff, 0xd8, 0x16, 0xf4, 0x0, 0xcb, 0x4e, 0xcd,
    0xea, 0xf4, 0x0, 0xb9, 0x1d, 0x80, 0x8f, 0xf4,
    0x0, 0x2c, 0xfb, 0x10, 0xa, 0xf4,

    /* U+0E07 "ง" */
    0x0, 0x1, 0xcf, 0xb0, 0x0, 0x9, 0xa3, 0xe7,
    0x0, 0xa, 0x90, 0xd9, 0x0, 0x3, 0xef, 0xf9,
    0x0, 0x0, 0x3, 0xf9, 0x4d, 0x10, 0x1, 0xf9,
    0x1e, 0xd1, 0x1, 0xf9, 0x2, 0xec, 0x1, 0xf9,
    0x0, 0x3f, 0xa1, 0xf9, 0x0, 0x5, 0xfa, 0xf9,
    0x0, 0x0, 0x6f, 0xf9, 0x0, 0x0, 0x8, 0xf9,

    /* U+0E08 "จ" */
    0x0, 0x5b, 0xef, 0xd9, 0x10, 0xa, 0xfc, 0x87,
    0x9f, 0xe2, 0x3f, 0xa0, 0x0, 0x5, 0xf8, 0x13,
    0x10, 0x0, 0x1, 0xfa, 0x0, 0x9e, 0x90, 0x1,
    0xfa, 0x5, 0xc2, 0xe5, 0x1, 0xfa, 0x6, 0xb0,
    0xd8, 0x1, 0xfa, 0x0, 0xcf, 0xfb, 0x1, 0xfa,
    0x0, 0x0, 0xbe, 0x1, 0xfa, 0x0, 0x0, 0x8f,
    0x1, 0xfa, 0x0, 0x0, 0x5f, 0xa9, 0xf7, 0x0,
    0x0, 0x9, 0xfe, 0xa0,

    /* U+0E09 "ฉ" */
    0x0, 0x5b, 0xef, 0xea, 0x30, 0x0, 0x9f, 0xd8,
    0x68, 0xef, 0x40, 0x2f, 0xb0, 0x0, 0x2, 0xfc,
    0x1, 0x31, 0x0, 0x0, 0xc, 0xe0, 0x7, 0xdb,
    0x10, 0x0, 0xce, 0x2, 0xf3, 0xb8, 0x0, 0xc,
    0xe0, 0x3e, 0xa, 0x80, 0x0, 0xdd, 0x0, 0xbf,
    0xf3, 0x0, 0x3f, 0x90, 0x0, 0x9f, 0x1, 0x8f,
    0xf8, 0x0, 0xb, 0xe6, 0xff, 0xa3, 0xf3, 0x0,
    0xbf, 0xf7, 0xaa, 0x2f, 0x40, 0xb, 0xf7, 0x2,
    0xcf, 0x90,

    /* U+0E0A "ช" */
    0x0, 0x0, 0x0, 0x0, 0x4, 0x81, 0x4, 0xcf,
    0xe9, 0x10, 0xb, 0xf0, 0x3f, 0xb5, 0x6e, 0xb0,
    0x2f, 0x90, 0x9f, 0xfb, 0x8, 0xf2, 0xed, 0x10,
    0x9a, 0xd, 0x49, 0xe0, 0xaf, 0x30, 0x2d, 0xfc,
    0x2f, 0x80, 0x1f, 0x90, 0x0, 0x0, 0x9f, 0x10,
    0x1f, 0xa0, 0x0, 0x0, 0xec, 0x0, 0x1f, 0xa0,
    0x0, 0x0, 0xfb, 0x0, 0x1f, 0xa0, 0x0, 0x0,
    0xfb, 0x0, 0x1f, 0xa0, 0x0, 0x0, 0xfc, 0x0,
    0x2f, 0x90, 0x0, 0x0, 0xaf, 0x97, 0xcf, 0x40,
    0x0, 0x0, 0x19, 0xef, 0xd6, 0x0,

    /* U+0E0B "ซ" */
    0x0, 0x0, 0x0, 0x0, 0x3, 0x82, 0x2, 0xc4,
    0x3c, 0x50, 0x8, 0xf3, 0x1e, 0xdf, 0xed, 0xf3,
    0xd, 0xd0, 0x7f, 0x34, 0x41, 0xf7, 0xce, 0x20,
    0x9f, 0xfb, 0x2, 0xf6, 0xaf, 0x60, 0x7c, 0x1c,
    0x47, 0xf1, 0xe, 0xc0, 0x1b, 0xfb, 0x1e, 0xa0,
    0xd, 0xd0, 0x0, 0x0, 0x7f, 0x20, 0xd, 0xd0,
    0x0, 0x0, 0xbf, 0x0, 0xd, 0xd0, 0x0, 0x0,
    0xce, 0x0, 0xd, 0xd0, 0x0, 0x0, 0xbf, 0x0,
    0xe, 0xc0, 0x0, 0x0, 0x7f, 0xb6, 0xaf, 0x80,
    0x0, 0x0, 0x7, 0xdf, 0xe8, 0x0,

    /* U+0E0C "ฌ" */
    0x0, 0x19, 0xef, 0xe9, 0x10, 0x0, 0xf, 0xa0,
    0x1e, 0xe8, 0x7a, 0xfc, 0x0, 0x0, 0xfa, 0xb,
    0xe1, 0x0, 0x8, 0xf5, 0x0, 0xf, 0xa0, 0xfd,
    0x70, 0x0, 0x2f, 0x90, 0x0, 0xfa, 0x4, 0x9f,
    0xa0, 0x1, 0xf9, 0x0, 0xf, 0xa0, 0x1f, 0xb0,
    0x0, 0x1f, 0xa0, 0x0, 0xfa, 0x6, 0xf4, 0x0,
    0x1, 0xfa, 0x0, 0xf, 0xa0, 0x7f, 0x30, 0x0,
    0x1f, 0xa0, 0x0, 0xfa, 0x7, 0xfe, 0xa0, 0x2c,
    0xfe, 0x81, 0xf, 0xa0, 0x9b, 0x2d, 0x5a, 0xa3,
    0xef, 0xf7, 0xfa, 0xa, 0xa1, 0xd5, 0xa8, 0xd,
    0x57, 0xff, 0xa0, 0x2c, 0xfa, 0x2, 0xcf, 0xa0,
    0x4, 0xfa,

    /* U+0E0D "ญ" */
    0x0, 0x2a, 0xef, 0xe9, 0x10, 0x0, 0x9, 0xf2,
    0x2, 0xfe, 0x87, 0xaf, 0xd0, 0x0, 0x9, 0xf2,
    0xb, 0xe1, 0x0, 0x8, 0xf6, 0x0, 0x9, 0xf2,
    0xf, 0xd7, 0x10, 0x1, 0xfa, 0x0, 0x9, 0xf2,
    0x4, 0x9f, 0xa0, 0x0, 0xfb, 0x0, 0x9, 0xf2,
    0x1, 0xfa, 0x0, 0x0, 0xfb, 0x0, 0x9, 0xf2,
    0x6, 0xf4, 0x0, 0x0, 0xfb, 0x0, 0x9, 0xf2,
    0x7, 0xf3, 0x0, 0x0, 0xfb, 0x0, 0x9, 0xf2,
    0x7, 0xfe, 0xc3, 0x0, 0xfb, 0x0, 0x9, 0xf2,
    0x7, 0xf4, 0x9b, 0x0, 0xfc, 0x0, 0xa, 0xf1,
    0x5, 0xf3, 0x8b, 0x0, 0xaf, 0xa6, 0x9f, 0xb0,
    0x0, 0x9f, 0xd3, 0x0, 0x8, 0xdf, 0xe9, 0x10,
    0x0, 0x0, 0x0, 0x0, 0x0, 0x0, 0x0, 0x0,
    0x0, 0x0, 0x0, 0x0, 0x9e, 0xa0, 0x7, 0xe0,
    0x0, 0x0, 0x0, 0x2, 0xe0, 0xd3, 0xb, 0xd0,
    0x0, 0x0, 0x0, 0x0, 0xed, 0xd3, 0x8f, 0x50,
    0x0, 0x0, 0x0, 0x0, 0x2b, 0xff, 0xd5, 0x0,

    /* U+0E0E "ฎ" */
    0x0, 0x2, 0xae, 0xfe, 0x91, 0x0, 0x3, 0xfd,
    0x87, 0xbf, 0xd1, 0x0, 0xdc, 0x0, 0x0, 0x7f,
    0x70, 0x2f, 0xc6, 0x0, 0x0, 0xfb, 0x1, 0x4a,
    0xf9, 0x0, 0xe, 0xc0, 0x0, 0xea, 0x0, 0x0,
    0xec, 0x0, 0x2f, 0x60, 0x0, 0xe, 0xc0, 0x0,
    0xf7, 0x0, 0x0, 0xec, 0xb, 0xef, 0xa0, 0x0,
    0xe, 0xc7, 0xc4, 0xcc, 0x0, 0x0, 0xec, 0x7c,
    0x3c, 0xa0, 0x0, 0xe, 0xc0, 0xbf, 0xc2, 0x0,
    0x0, 0xec, 0x0, 0x0, 0x0, 0x0, 0xe, 0xc0,
    0x0, 0x0, 0x3d, 0x0, 0xec, 0x0, 0x7d, 0xee,
    0xb0, 0xe, 0xc0, 0x4f, 0x42, 0xfe, 0xc2, 0xec,
    0x6, 0xe0, 0x5f, 0x17, 0xef, 0xc0, 0xc, 0xff,
    0x50, 0x5, 0xfc, 0x0, 0x0, 0x0, 0x0, 0x1,
    0x10,

    /* U+0E0F "ฏ" */
    0x0, 0x2, 0xae, 0xfe, 0x91, 0x0, 0x3, 0xfd,
    0x87, 0xbf, 0xd1, 0x0, 0xdc, 0x0, 0x0, 0x7f,
    0x70, 0x2f, 0xc6, 0x0, 0x0, 0xfb, 0x1, 0x4a,
    0xf9, 0x0, 0xe, 0xc0, 0x0, 0xea, 0x0, 0x0,
    0xec, 0x0, 0x2f, 0x60, 0x0, 0xe, 0xc0, 0x0,
    0xf7, 0x0, 0x0, 0xec, 0xb, 0xef, 0xa0, 0x0,
    0xe, 0xc7, 0xc4, 0xcc, 0x0, 0x0, 0xec, 0x7c,
    0x3c, 0xa0, 0x0, 0xe, 0xc0, 0xbf, 0xc2, 0x0,
    0x0, 0xec, 0x0, 0x0, 0x0, 0x0, 0xe, 0xc0,
    0x0, 0x8, 0xc0, 0x0, 0xec, 0x6, 0xde, 0xf3,
    0x4, 0xe, 0xc1, 0xf5, 0x4f, 0xc3, 0xf6, 0xec,
    0x1f, 0x25, 0xec, 0xf6, 0xef, 0xc0, 0x7e, 0xd4,
    0x19, 0x4, 0xfb,

    /* U+0E10 "ฐ" */
    0x0, 0x0, 0x0, 0x0, 0x0, 0x0, 0x1, 0xae,
    0xeb, 0x62, 0xb8, 0x0, 0xbf, 0x65, 0xae, 0xff,
    0x40, 0x1f, 0xd5, 0x20, 0x3, 0x10, 0x1, 0x68,
    0xbe, 0xfb, 0x50, 0x0, 0x3, 0xcd, 0x42, 0x8f,
    0xc0, 0x0, 0xc6, 0x7e, 0x0, 0x8f, 0x30, 0xd,
    0x45, 0xf0, 0x7, 0xf3, 0x0, 0x5f, 0xff, 0x0,
    0x7f, 0x30, 0x0, 0xa, 0xf0, 0x7, 0xf3, 0x0,
    0x0, 0x9f, 0x10, 0x8f, 0x30, 0x0, 0x5, 0xfb,
    0x7e, 0xe0, 0x0, 0x0, 0x7, 0xef, 0xc3, 0x0,
    0x0, 0x0, 0x0, 0x0, 0x0, 0x0, 0x0, 0x4a,
    0x7, 0xd9, 0x0, 0x2, 0x2c, 0x70, 0xd2, 0xf2,
    0xa, 0xfe, 0xf5, 0x7, 0xdf, 0x30, 0xf4, 0x5d,
    0xd5, 0xa6, 0xf3, 0x8, 0xed, 0x33, 0xc5, 0xcf,
    0x20,

    /* U+0E11 "ฑ" */
    0x2, 0xc6, 0x4d, 0x60, 0x9, 0xfc, 0x20, 0xdc,
    0xee, 0xbf, 0x25, 0xf9, 0xf8, 0x5f, 0x23, 0x33,
    0xf6, 0xca, 0xf, 0xa9, 0xfe, 0xa0, 0x4f, 0x6f,
    0x40, 0xfb, 0x9b, 0xc, 0x4a, 0xf8, 0xe0, 0xf,
    0xb6, 0xc0, 0xc6, 0xf9, 0xc8, 0x0, 0xfb, 0xa,
    0xfa, 0x8f, 0x5f, 0x20, 0xf, 0xb0, 0x0, 0xb,
    0xf8, 0xc0, 0x0, 0xfb, 0x0, 0x0, 0xce, 0xc6,
    0x0, 0xf, 0xb0, 0x0, 0xc, 0xef, 0x10, 0x0,
    0xfb, 0x0, 0x0, 0xcf, 0xb0, 0x0, 0xf, 0xb0,
    0x0, 0xc, 0xf5, 0x0, 0x0, 0xfb,

    /* U+0E12 "ฒ" */
    0x0, 0x1, 0x0, 0x1, 0x0, 0x0, 0x0, 0x0,
    0x0, 0x7f, 0xa0, 0x4f, 0xb0, 0x0, 0x9, 0xf2,
    0x5, 0xfa, 0xec, 0xfa, 0xf9, 0x0, 0x9, 0xf2,
    0xd, 0xd0, 0x1c, 0x40, 0xbf, 0x0, 0x9, 0xf2,
    0x1f, 0x90, 0x0, 0x0, 0x7f, 0x30, 0x9, 0xf2,
    0x1f, 0x80, 0x7e, 0xb1, 0x6f, 0x40, 0x9, 0xf2,
    0xf, 0xa0, 0xf1, 0x97, 0x6f, 0x40, 0x9, 0xf2,
    0xc, 0xe0, 0xe7, 0xc6, 0x6f, 0x40, 0x9, 0xf2,
    0x8, 0xf1, 0x2e, 0xd0, 0x6f, 0x40, 0x9, 0xf2,
    0x5, 0xf4, 0xad, 0x15, 0xef, 0xd6, 0x9, 0xf2,
    0x3, 0xfe, 0xd1, 0xf, 0x66, 0xfe, 0xca, 0xf2,
    0x3, 0xff, 0x10, 0xf, 0x34, 0xf1, 0xaf, 0xf2,
    0x3, 0xf8, 0x0, 0x5, 0xee, 0x60, 0xc, 0xf2,

    /* U+0E13 "ณ" */
    0x0, 0x19, 0xef, 0xe9, 0x10, 0x0, 0x8, 0xf2,
    0x1, 0xee, 0x87, 0xaf, 0xc0, 0x0, 0x8, 0xf2,
    0xa, 0xe1, 0x0, 0x8, 0xf5, 0x0, 0x8, 0xf2,
    0xf, 0xd7, 0x10, 0x2, 0xf8, 0x0, 0x8, 0xf2,
    0x4, 0x9f, 0xa0, 0x1, 0xf9, 0x0, 0x8, 0xf2,
    0x2, 0xfa, 0x0, 0x1, 0xf9, 0x0, 0x8, 0xf2,
    0x6, 0xf4, 0x0, 0x1, 0xf9, 0x0, 0xa, 0xf1,
    0x7, 0xf3, 0x0, 0x1, 0xf9, 0x0, 0x2e, 0xc0,
    0x7, 0xfe, 0xc2, 0x1, 0xf9, 0x7, 0xff, 0xc1,
    0x7, 0xf4, 0x8b, 0x1, 0xfa, 0xdf, 0xd3, 0xb9,
    0x5, 0xf4, 0x8b, 0x1, 0xff, 0xc7, 0xd3, 0xb9,
    0x0, 0x9f, 0xd3, 0x1, 0xfe, 0x10, 0xaf, 0xc1,

    /* U+0E14 "ด" */
    0x0, 0x19, 0xdf, 0xfb, 0x40, 0x0, 0x2e, 0xf9,
    0x78, 0xef, 0x70, 0xc, 0xf3, 0x0, 0x0, 0xdf,
    0x11, 0xfa, 0x0, 0x0, 0x7, 0xf4, 0x1f, 0x80,
    0x8e, 0xb1, 0x5f, 0x50, 0xfa, 0x1e, 0x1a, 0x65,
    0xf5, 0xc, 0xe0, 0xe8, 0xd5, 0x5f, 0x50, 0x8f,
    0x22, 0xeb, 0x5, 0xf5, 0x5, 0xf5, 0xbc, 0x0,
    0x5f, 0x50, 0x3f, 0xec, 0x0, 0x5, 0xf5, 0x3,
    0xfe, 0x10, 0x0, 0x5f, 0x50, 0x3f, 0x90, 0x0,
    0x5, 0xf5,

    /* U+0E15 "ต" */
    0x0, 0x3b, 0x60, 0x9, 0x91, 0x0, 0x3f, 0xdf,
    0x9c, 0xdf, 0xd0, 0xc, 0xe0, 0x3d, 0xa0, 0x6f,
    0x50, 0xf9, 0x0, 0x0, 0x1, 0xf9, 0x2f, 0x80,
    0x6e, 0xc1, 0xf, 0xa0, 0xfa, 0xf, 0x28, 0x80,
    0xfa, 0xc, 0xe0, 0xd7, 0xb7, 0xf, 0xa0, 0x8f,
    0x22, 0xed, 0x0, 0xfa, 0x5, 0xf5, 0xad, 0x10,
    0xf, 0xa0, 0x3f, 0xdd, 0x10, 0x0, 0xfa, 0x3,
    0xfe, 0x10, 0x0, 0xf, 0xa0, 0x3f, 0x80, 0x0,
    0x0, 0xfa,

    /* U+0E16 "ถ" */
    0x0, 0x18, 0xdf, 0xeb, 0x30, 0x0, 0x1e, 0xf9,
    0x79, 0xff, 0x40, 0xa, 0xe2, 0x0, 0x2, 0xfd,
    0x0, 0xfd, 0x71, 0x0, 0xa, 0xf1, 0x4, 0x9f,
    0xa0, 0x0, 0x8f, 0x20, 0x1f, 0xa0, 0x0, 0x8,
    0xf2, 0x6, 0xf4, 0x0, 0x0, 0x8f, 0x20, 0x7f,
    0x30, 0x0, 0x8, 0xf2, 0x7, 0xff, 0xc3, 0x0,
    0x8f, 0x20, 0x7f, 0x49, 0xb0, 0x8, 0xf2, 0x5,
    0xf0, 0x6b, 0x0, 0x8f, 0x20, 0x9, 0xed, 0x30,
    0x8, 0xf2,

    /* U+0E17 "ท" */
    0xa, 0xfc, 0x10, 0x1, 0xbf, 0xc1, 0x6c, 0x2c,
    0xa0, 0xa, 0xea, 0xf7, 0x7b, 0xb, 0xc0, 0x1f,
    0x50, 0xfa, 0x1d, 0xff, 0xc0, 0x6f, 0x0, 0xfa,
    0x0, 0x1f, 0xc0, 0xca, 0x0, 0xfa, 0x0, 0xf,
    0xc2, 0xf4, 0x0, 0xfa, 0x0, 0xf, 0xc8, 0xe0,
    0x0, 0xfa, 0x0, 0xf, 0xcd, 0x80, 0x0, 0xfa,
    0x0, 0xf, 0xdf, 0x20, 0x0, 0xfa, 0x0, 0xf,
    0xfc, 0x0, 0x0, 0xfa, 0x0, 0xf, 0xf6, 0x0,
    0x0, 0xfa, 0x0, 0xf, 0xf1, 0x0, 0x0, 0xfa,

    /* U+0E18 "ธ" */
    0x0, 0x0, 0x0, 0x0, 0x0, 0x0, 0x8, 0xef,
    0xc7, 0x37, 0xc0, 0x6, 0xfb, 0x79, 0xef, 0xf8,
    0x0, 0xdf, 0x20, 0x0, 0x23, 0x0, 0xf, 0xff,
    0xfc, 0x84, 0x0, 0x0, 0x1, 0x36, 0x9d, 0xfc,
    0x0, 0x4, 0xa2, 0x0, 0x9, 0xf5, 0x0, 0x7f,
    0x30, 0x0, 0x5f, 0x50, 0x7, 0xf3, 0x0, 0x5,
    0xf5, 0x0, 0x7f, 0x30, 0x0, 0x5f, 0x50, 0x7,
    0xf4, 0x0, 0x6, 0xf5, 0x0, 0x3f, 0xe8, 0x68,
    0xef, 0x10, 0x0, 0x4b, 0xef, 0xea, 0x30, 0x0,

    /* U+0E19 "น" */
    0xa, 0xfc, 0x20, 0x0, 0x7, 0xf4, 0x6c, 0x2c,
    0xa0, 0x0, 0x7, 0xf4, 0x7b, 0xb, 0xc0, 0x0,
    0x7, 0xf4, 0x1d, 0xff, 0xc0, 0x0, 0x7, 0xf4,
    0x0, 0x1f, 0xc0, 0x0, 0x7, 0xf4, 0x0, 0xf,
    0xc0, 0x0, 0x7, 0xf4, 0x0, 0xf, 0xc0, 0x0,
    0x8, 0xf3, 0x0, 0xf, 0xc0, 0x0, 0x2e, 0xe0,
    0x0, 0xf, 0xc0, 0x18, 0xff, 0xd2, 0x0, 0xf,
    0xc6, 0xff, 0xf4, 0xab, 0x0, 0xf, 0xff, 0x85,
    0xe3, 0x9b, 0x0, 0xf, 0xf4, 0x0, 0x9f, 0xd2,

    /* U+0E1A "บ" */
    0xa, 0xfc, 0x20, 0x0, 0x4, 0xf6, 0x6c, 0x2c,
    0xa0, 0x0, 0x4, 0xf6, 0x7b, 0xb, 0xc0, 0x0,
    0x4, 0xf6, 0x1d, 0xff, 0xc0, 0x0, 0x4, 0xf6,
    0x0, 0x1f, 0xc0, 0x0, 0x4, 0xf6, 0x0, 0xf,
    0xc0, 0x0, 0x4, 0xf6, 0x0, 0xf, 0xc0, 0x0,
    0x4, 0xf6, 0x0, 0xf, 0xc0, 0x0, 0x4, 0xf6,
    0x0, 0xf, 0xc0, 0x0, 0x4, 0xf6, 0x0, 0xe,
    0xe0, 0x0, 0x6, 0xf6, 0x0, 0x9, 0xfc, 0x76,
    0x9f, 0xe1, 0x0, 0x0, 0x6c, 0xef, 0xd9, 0x20,

    /* U+0E1B "ป" */
    0x0, 0x0, 0x0, 0x0, 0x1, 0xfa, 0x0, 0x0,
    0x0, 0x0, 0x1, 0xfa, 0x0, 0x0, 0x0, 0x0,
    0x1, 0xfa, 0x0, 0x0, 0x0, 0x0, 0x1, 0xfa,
    0x0, 0x0, 0x0, 0x0, 0x1, 0xfa, 0xa, 0xfc,
    0x20, 0x0, 0x1, 0xfa, 0x6c, 0x2c, 0xa0, 0x0,
    0x1, 0xfa, 0x7b, 0xb, 0xc0, 0x0, 0x1, 0xfa,
    0x1d, 0xff, 0xc0, 0x0, 0x1, 0xfa, 0x0, 0x1f,
    0xc0, 0x0, 0x1, 0xfa, 0x0, 0xf, 0xc0, 0x0,
    0x1, 0xfa, 0x0, 0xf, 0xc0, 0x0, 0x1, 0xfa,
    0x0, 0xf, 0xc0, 0x0, 0x1, 0xfa, 0x0, 0xf,
    0xc0, 0x0, 0x1, 0xfa, 0x0, 0xe, 0xe0, 0x0,
    0x3, 0xf9, 0x0, 0x8, 0xfd, 0x76, 0x8e, 0xf3,
    0x0, 0x0, 0x6c, 0xef, 0xea, 0x30,

    /* U+0E1C "ผ" */
    0xb, 0xfc, 0x10, 0x0, 0xbf, 0x7e, 0x3a, 0x90,
    0x0, 0xbf, 0x9d, 0x9, 0x90, 0x0, 0xbf, 0x9f,
    0xfe, 0x20, 0x0, 0xbf, 0x9f, 0x30, 0x0, 0x0,
    0xbf, 0x9f, 0x10, 0x1, 0x0, 0xbf, 0x9f, 0x10,
    0xcf, 0x30, 0xbf, 0x9f, 0x18, 0xfc, 0xd0, 0xbf,
    0x9f, 0x4f, 0x72, 0xf8, 0xbf, 0x9f, 0xec, 0x0,
    0x7f, 0xef, 0x9f, 0xf2, 0x0, 0xc, 0xff, 0x9f,
    0x70, 0x0, 0x2, 0xff,

    /* U+0E1D "ฝ" */
    0x0, 0x0, 0x0, 0x0, 0xbf, 0x0, 0x0, 0x0,
    0x0, 0xbf, 0x0, 0x0, 0x0, 0x0, 0xbf, 0x0,
    0x0, 0x0, 0x0, 0xbf, 0x0, 0x0, 0x0, 0x0,
    0xbf, 0xb, 0xfc, 0x10, 0x0, 0xbf, 0x7e, 0x3a,
    0x90, 0x0, 0xbf, 0x9d, 0x9, 0x90, 0x0, 0xbf,
    0x9f, 0xfe, 0x20, 0x0, 0xbf, 0x9f, 0x30, 0x0,
    0x0, 0xbf, 0x9f, 0x10, 0x1, 0x0, 0xbf, 0x9f,
    0x10, 0xcf, 0x30, 0xbf, 0x9f, 0x18, 0xfc, 0xd0,
    0xbf, 0x9f, 0x4f, 0x72, 0xf8, 0xbf, 0x9f, 0xec,
    0x0, 0x7f, 0xef, 0x9f, 0xf2, 0x0, 0xc, 0xff,
    0x9f, 0x70, 0x0, 0x2, 0xff,

    /* U+0E1E "พ" */
    0xa, 0xfc, 0x10, 0xd, 0xd0, 0xc, 0xe6, 0xc2,
    0xca, 0x2, 0xff, 0x20, 0xce, 0x7b, 0xb, 0xc0,
    0x7e, 0xe7, 0xc, 0xe1, 0xdf, 0xfc, 0xb, 0xaa,
    0xb0, 0xce, 0x0, 0x1e, 0xc0, 0xf4, 0x5f, 0xc,
    0xe0, 0x0, 0xec, 0x5f, 0x0, 0xf5, 0xce, 0x0,
    0xe, 0xca, 0xa0, 0xa, 0xac, 0xe0, 0x0, 0xec,
    0xe5, 0x0, 0x5e, 0xce, 0x0, 0xe, 0xef, 0x10,
    0x1, 0xfe, 0xe0, 0x0, 0xef, 0xb0, 0x0, 0xb,
    0xfe, 0x0, 0xe, 0xf6, 0x0, 0x0, 0x6f, 0xe0,
    0x0, 0xef, 0x10, 0x0, 0x1, 0xfe,

    /* U+0E1F "ฟ" */
    0x0, 0x0, 0x0, 0x0, 0x0, 0xc, 0xe0, 0x0,
    0x0, 0x0, 0x0, 0x0, 0xce, 0x0, 0x0, 0x0,
    0x0, 0x0, 0xc, 0xe0, 0x0, 0x0, 0x0, 0x0,
    0x0, 0xce, 0x0, 0x0, 0x0, 0x0, 0x0, 0xc,
    0xe0, 0xaf, 0xc1, 0x0, 0xdd, 0x0, 0xce, 0x6c,
    0x2c, 0xa0, 0x2f, 0xf2, 0xc, 0xe7, 0xb0, 0xbc,
    0x7, 0xee, 0x70, 0xce, 0x1d, 0xff, 0xc0, 0xba,
    0xab, 0xc, 0xe0, 0x1, 0xec, 0xf, 0x45, 0xf0,
    0xce, 0x0, 0xe, 0xc5, 0xf0, 0xf, 0x5c, 0xe0,
    0x0, 0xec, 0xaa, 0x0, 0xaa, 0xce, 0x0, 0xe,
    0xce, 0x50, 0x5, 0xec, 0xe0, 0x0, 0xee, 0xf1,
    0x0, 0x1f, 0xee, 0x0, 0xe, 0xfb, 0x0, 0x0,
    0xbf, 0xe0, 0x0, 0xef, 0x60, 0x0, 0x6, 0xfe,
    0x0, 0xe, 0xf1, 0x0, 0x0, 0x1f, 0xe0,

    /* U+0E20 "ภ" */
    0x0, 0x2, 0x9e, 0xfe, 0x91, 0x0, 0x3, 0xfe,
    0x87, 0xaf, 0xe1, 0x0, 0xdc, 0x0, 0x0, 0x7f,
    0x80, 0x2f, 0xc6, 0x0, 0x0, 0xfc, 0x1, 0x4a,
    0xf9, 0x0, 0xd, 0xd0, 0x0, 0xea, 0x0, 0x0,
    0xdd, 0x0, 0x2f, 0x60, 0x0, 0xd, 0xd0, 0x0,
    0xf7, 0x0, 0x0, 0xdd, 0xb, 0xef, 0xa0, 0x0,
    0xd, 0xd7, 0xd3, 0xcc, 0x0, 0x0, 0xdd, 0x7b,
    0xa, 0xa0, 0x0, 0xd, 0xd0, 0xbe, 0xc2, 0x0,
    0x0, 0xdd,

    /* U+0E21 "ม" */
    0x7, 0xed, 0x40, 0x0, 0xe, 0xc2, 0xf3, 0x9d,
    0x0, 0x0, 0xec, 0x3f, 0x17, 0xf0, 0x0, 0xe,
    0xc0, 0xaf, 0xff, 0x0, 0x0, 0xec, 0x0, 0x1b,
    0xf0, 0x0, 0xe, 0xc0, 0x0, 0xbf, 0x0, 0x0,
    0xec, 0x0, 0xb, 0xf0, 0x0, 0xe, 0xc0, 0x0,
    0xbf, 0x0, 0x0, 0xec, 0x6, 0xef, 0xf8, 0x10,
    0xe, 0xc0, 0xf7, 0x6f, 0xff, 0xa2, 0xec, 0xf,
    0x33, 0xf3, 0x4c, 0xff, 0xc0, 0x6e, 0xe8, 0x0,
    0x8, 0xfc,

    /* U+0E22 "ย" */
    0x1b, 0xfc, 0x10, 0xb, 0xfa, 0xf1, 0x97, 0x0,
    0xbf, 0xef, 0x1a, 0x80, 0xb, 0xfd, 0xee, 0xc1,
    0x0, 0xbf, 0x8f, 0x41, 0x10, 0xb, 0xf0, 0xcf,
    0xff, 0x0, 0xbf, 0x6f, 0x84, 0x40, 0xb, 0xfb,
    0xf0, 0x0, 0x0, 0xbf, 0xcf, 0x0, 0x0, 0xb,
    0xfb, 0xf2, 0x0, 0x0, 0xee, 0x4f, 0xe8, 0x68,
    0xdf, 0x70, 0x3a, 0xef, 0xeb, 0x50,

    /* U+0E23 "ร" */
    0x0, 0x0, 0x0, 0x0, 0x0, 0x3c, 0xff, 0xff,
    0xfa, 0xd, 0xd7, 0x66, 0x65, 0x3, 0xff, 0xc9,
    0x30, 0x0, 0x16, 0x9c, 0xff, 0xc2, 0x0, 0x0,
    0x2, 0x9f, 0xb0, 0x0, 0x0, 0x0, 0xdd, 0x0,
    0x0, 0x0, 0xd, 0xd0, 0x0, 0x0, 0x0, 0xdd,
    0x0, 0x0, 0xa, 0xef, 0xd0, 0x0, 0x5, 0xd4,
    0xbd, 0x0, 0x0, 0x5d, 0x3b, 0xb0, 0x0, 0x0,
    0xaf, 0xc2, 0x0,

    /* U+0E24 "ฤ" */
    0x0, 0x18, 0xdf, 0xeb, 0x30, 0x0, 0x1e, 0xf9,
    0x79, 0xff, 0x40, 0xa, 0xe2, 0x0, 0x2, 0xfd,
    0x0, 0xfd, 0x71, 0x0, 0xa, 0xf1, 0x4, 0x9f,
    0xa0, 0x0, 0x8f, 0x20, 0x1f, 0xa0, 0x0, 0x8,
    0xf2, 0x6, 0xf4, 0x0, 0x0, 0x8f, 0x20, 0x7f,
    0x30, 0x0, 0x8, 0xf2, 0x7, 0xff, 0xc3, 0x0,
    0x8f, 0x20, 0x7f, 0x49, 0xb0, 0x8, 0xf2, 0x5,
    0xf3, 0x8b, 0x0, 0x8f, 0x20, 0x9, 0xfd, 0x30,
    0x8, 0xf2, 0x0, 0x0, 0x0, 0x0, 0x8f, 0x20,
    0x0, 0x0, 0x0, 0x8, 0xf2, 0x0, 0x0, 0x0,
    0x0, 0x8f, 0x20, 0x0, 0x0, 0x0, 0x8, 0xf2,
    0x0, 0x0, 0x0, 0x0, 0x8f, 0x20,

    /* U+0E25 "ล" */
    0x0, 0x3a, 0xdf, 0xeb, 0x30, 0x0, 0x7f, 0xe8,
    0x68, 0xef, 0x60, 0x1f, 0xc0, 0x0, 0x0, 0xde,
    0x1, 0x62, 0x0, 0x0, 0x9, 0xf1, 0x0, 0x2a,
    0xff, 0xf9, 0xaf, 0x20, 0x1e, 0xf7, 0x46, 0xcf,
    0xf2, 0x7, 0xf5, 0x0, 0x0, 0xcf, 0x20, 0x8f,
    0x20, 0x0, 0x9, 0xf2, 0x8, 0xfe, 0xc2, 0x0,
    0x9f, 0x20, 0x8e, 0x3a, 0xa0, 0x9, 0xf2, 0x6,
    0xe0, 0x8a, 0x0, 0x9f, 0x20, 0xa, 0xec, 0x20,
    0x9, 0xf2,

    /* U+0E26 "ฦ" */
    0x0, 0x2, 0xae, 0xfe, 0x91, 0x0, 0x3, 0xfd,
    0x87, 0xbf, 0xd0, 0x0, 0xdc, 0x0, 0x0, 0x8f,
    0x70, 0x2f, 0xc6, 0x0, 0x0, 0xfb, 0x1, 0x4a,
    0xf9, 0x0, 0xe, 0xc0, 0x0, 0xea, 0x0, 0x0,
    0xec, 0x0, 0x2f, 0x60, 0x0, 0xe, 0xc0, 0x0,
    0xf7, 0x0, 0x0, 0xec, 0xb, 0xef, 0xa0, 0x0,
    0xe, 0xc7, 0xc4, 0xcc, 0x0, 0x0, 0xec, 0x7c,
    0x3c, 0xa0, 0x0, 0xe, 0xc0, 0xbf, 0xc2, 0x0,
    0x0, 0xec, 0x0, 0x0, 0x0, 0x0, 0xe, 0xc0,
    0x0, 0x0, 0x0, 0x0, 0xec, 0x0, 0x0, 0x0,
    0x0, 0xe, 0xc0, 0x0, 0x0, 0x0, 0x0, 0xec,
    0x0, 0x0, 0x0, 0x0, 0xe, 0xc0,

    /* U+0E27 "ว" */
    0x0, 0x7d, 0xfe, 0xa2, 0x0, 0xcf, 0xa7, 0x9f,
    0xf2, 0x6f, 0x80, 0x0, 0x4f, 0x94, 0x81, 0x0,
    0x0, 0xfc, 0x0, 0x0, 0x0, 0xf, 0xc0, 0x0,
    0x0, 0x0, 0xfc, 0x0, 0x0, 0x0, 0xf, 0xc0,
    0x0, 0x0, 0x0, 0xfc, 0x0, 0x0, 0xb, 0xef,
    0xc0, 0x0, 0x7, 0xc3, 0xcc, 0x0, 0x0, 0x7c,
    0x3c, 0xa0, 0x0, 0x0, 0xbf, 0xc2,

    /* U+0E28 "ศ" */
    0x0, 0x0, 0x0, 0x0, 0x2f, 0xa0, 0x2, 0x9d,
    0xfe, 0xcc, 0xf3, 0x3, 0xff, 0xa7, 0x7d, 0xfc,
    0x0, 0xcf, 0x20, 0x5, 0xfc, 0xf4, 0x1f, 0xa0,
    0x19, 0xf2, 0x3f, 0x72, 0xf8, 0x2e, 0x9b, 0x82,
    0xf9, 0xf, 0xaa, 0xf3, 0x7a, 0x2f, 0x90, 0xce,
    0xf7, 0xed, 0x32, 0xf9, 0x8, 0xfd, 0x0, 0x0,
    0x2f, 0x90, 0x5f, 0x90, 0x0, 0x2, 0xf9, 0x4,
    0xf7, 0x0, 0x0, 0x2f, 0x90, 0x4f, 0x60, 0x0,
    0x2, 0xf9, 0x4, 0xf6, 0x0, 0x0, 0x2f, 0x90,

    /* U+0E29 "ษ" */
    0xb, 0xfc, 0x20, 0x0, 0x0, 0xfb, 0x0, 0x7c,
    0x2c, 0xa0, 0x0, 0x0, 0xfb, 0x0, 0x7b, 0xb,
    0xc0, 0x0, 0x0, 0xfb, 0x0, 0xb, 0xff, 0xc0,
    0xbf, 0x80, 0xfb, 0x0, 0x0, 0xf, 0xc5, 0xb1,
    0xf0, 0xfc, 0xa8, 0x0, 0xf, 0xc2, 0xeb, 0xc0,
    0xff, 0xd1, 0x0, 0xf, 0xc0, 0x5e, 0xff, 0xfd,
    0x0, 0x0, 0xf, 0xc0, 0x0, 0x12, 0xfb, 0x0,
    0x0, 0xf, 0xc0, 0x0, 0x0, 0xfb, 0x0, 0x0,
    0xe, 0xe0, 0x0, 0x1, 0xfb, 0x0, 0x0, 0x8,
    0xfd, 0x86, 0x8e, 0xf5, 0x0, 0x0, 0x0, 0x5b,
    0xef, 0xeb, 0x40, 0x0,

    /* U+0E2A "ส" */
    0x0, 0x0, 0x0, 0x0, 0x6f, 0x60, 0x3, 0xad,
    0xfe, 0xad, 0xd0, 0x7, 0xfe, 0x86, 0x8f, 0xf7,
    0x1, 0xfc, 0x0, 0xa, 0xed, 0xe0, 0x16, 0x20,
    0x1b, 0xc1, 0x9f, 0x10, 0x1, 0xaf, 0xfe, 0x89,
    0xf2, 0x1, 0xef, 0x96, 0x7d, 0xff, 0x20, 0x6f,
    0x60, 0x0, 0xd, 0xf2, 0x8, 0xf2, 0x0, 0x0,
    0x9f, 0x20, 0x8f, 0xec, 0x20, 0x9, 0xf2, 0x8,
    0xe3, 0xaa, 0x0, 0x9f, 0x20, 0x6e, 0x8, 0xa0,
    0x9, 0xf2, 0x0, 0xae, 0xc2, 0x0, 0x9f, 0x20,

    /* U+0E2B "ห" */
    0xb, 0xfc, 0x10, 0x0, 0xaf, 0xb1, 0x6c, 0x2c,
    0xa0, 0x5, 0xd2, 0xb8, 0x7b, 0xb, 0xc0, 0x6,
    0xd0, 0xa8, 0x1d, 0xff, 0xc0, 0x1, 0xff, 0xe1,
    0x0, 0x1f, 0xc0, 0xa, 0xdd, 0xf1, 0x0, 0xf,
    0xc0, 0x3f, 0x27, 0xf3, 0x0, 0xf, 0xc0, 0xc8,
    0x7, 0xf3, 0x0, 0xf, 0xc5, 0xe1, 0x7, 0xf3,
    0x0, 0xf, 0xbd, 0x70, 0x7, 0xf3, 0x0, 0xf,
    0xfe, 0x0, 0x7, 0xf3, 0x0, 0xf, 0xf5, 0x0,
    0x7, 0xf3, 0x0, 0xf, 0xd0, 0x0, 0x7, 0xf3,

    /* U+0E2C "ฬ" */
    0x0, 0x0, 0x0, 0x0, 0x0, 0x0, 0xfb, 0xa,
    0xfc, 0x10, 0x0, 0x9, 0xff, 0xf4, 0x6c, 0x2c,
    0xa0, 0x0, 0x3e, 0x3a, 0xd0, 0x7b, 0xb, 0xc0,
    0x0, 0x4d, 0x8, 0xe0, 0x1d, 0xff, 0xc0, 0x0,
    0xb, 0xff, 0xe0, 0x0, 0x2e, 0xc0, 0x5, 0x50,
    0x1c, 0xe0, 0x0, 0xe, 0xc0, 0x2f, 0xf2, 0xc,
    0xe0, 0x0, 0xe, 0xc0, 0xad, 0xda, 0xc, 0xe0,
    0x0, 0xe, 0xc3, 0xf5, 0x5f, 0x3c, 0xe0, 0x0,
    0xe, 0xbb, 0xc0, 0xc, 0xbb, 0xe0, 0x0, 0xe,
    0xef, 0x40, 0x4, 0xfe, 0xe0, 0x0, 0xe, 0xfc,
    0x0, 0x0, 0xcf, 0xe0, 0x0, 0xe, 0xf3, 0x0,
    0x0, 0x3f, 0xe0,

    /* U+0E2D "อ" */
    0x0, 0x29, 0xdf, 0xeb, 0x40, 0x0, 0x4f, 0xf9,
    0x78, 0xdf, 0x80, 0xd, 0xe2, 0x0, 0x0, 0xcf,
    0x10, 0x84, 0x0, 0x0, 0x7, 0xf4, 0x0, 0x4d,
    0xe6, 0x0, 0x7f, 0x40, 0xe, 0x84, 0xf1, 0x7,
    0xf4, 0x0, 0xf6, 0x1f, 0x20, 0x7f, 0x40, 0x1f,
    0xff, 0xa0, 0x7, 0xf4, 0x1, 0xfa, 0x10, 0x0,
    0x7f, 0x40, 0xf, 0xb0, 0x0, 0x9, 0xf3, 0x0,
    0xaf, 0xb7, 0x7a, 0xfd, 0x0, 0x0, 0x7d, 0xff,
    0xd8, 0x10,

    /* U+0E2E "ฮ" */
    0x18, 0xdf, 0xfd, 0x81, 0xf9, 0xce, 0x63, 0x37,
    0xef, 0xf4, 0xcc, 0x20, 0x14, 0xcf, 0xa0, 0x2a,
    0xef, 0xfe, 0xaf, 0xb0, 0x1b, 0xea, 0x0, 0xf,
    0xc0, 0x8d, 0x3c, 0x60, 0xf, 0xc0, 0xbb, 0xb,
    0x70, 0xf, 0xc0, 0xbf, 0xfd, 0x10, 0xf, 0xc0,
    0xbf, 0x10, 0x0, 0xf, 0xc0, 0xaf, 0x30, 0x0,
    0x1f, 0xb0, 0x3f, 0xe8, 0x68, 0xef, 0x50, 0x3,
    0xae, 0xfe, 0xb4, 0x0,

    /* U+0E2F "ฯ" */
    0xa, 0xfc, 0x20, 0xdf, 0xc0, 0x6d, 0x3b, 0xa3,
    0xfd, 0xf6, 0x6d, 0x3b, 0xce, 0x84, 0xf7, 0xd,
    0xff, 0xf8, 0x4, 0xf7, 0x0, 0x34, 0x10, 0x4,
    0xf7, 0x0, 0x0, 0x0, 0x4, 0xf7, 0x0, 0x0,
    0x0, 0x4, 0xf7, 0x0, 0x0, 0x0, 0x4, 0xf7,
    0x0, 0x0, 0x0, 0x4, 0xf7, 0x0, 0x0, 0x0,
    0x4, 0xf7, 0x0, 0x0, 0x0, 0x4, 0xf7, 0x0,
    0x0, 0x0, 0x4, 0xf7,

    /* U+0E30 "ะ" */
    0x4, 0xee, 0x40, 0x4, 0xf6, 0xe, 0x77, 0xe0,
    0x7, 0xf3, 0xf, 0x33, 0xf0, 0xd, 0xe0, 0xc,
    0xdd, 0xc2, 0xaf, 0x50, 0x1, 0xbf, 0xff, 0xe5,
    0x0, 0x0, 0x1, 0x32, 0x0, 0x0, 0x0, 0x0,
    0x0, 0x0, 0x0, 0x4, 0xdd, 0x40, 0x4, 0xf5,
    0xe, 0x77, 0xe0, 0x7, 0xf3, 0xf, 0x43, 0xf0,
    0x1e, 0xd0, 0xa, 0xff, 0xc7, 0xdf, 0x30, 0x0,
    0x7d, 0xfe, 0xa2, 0x0,

    /* U+0E31 "ั" */
    0x7, 0xda, 0x0, 0x0, 0xe6, 0x2e, 0x2a, 0x70,
    0x2, 0xf5, 0x4c, 0x8, 0x90, 0xa, 0xe0, 0xe,
    0xcf, 0x41, 0x9f, 0x50, 0x2, 0xbf, 0xff, 0xc3,
    0x0, 0x0, 0x0, 0x20, 0x0, 0x0,

    /* U+0E32 "า" */
    0x0, 0x8d, 0xfd, 0x80, 0x0, 0xcf, 0xa7, 0xaf,
    0xb0, 0x4f, 0x80, 0x0, 0xbf, 0x13, 0x82, 0x0,
    0x7, 0xf3, 0x0, 0x0, 0x0, 0x7f, 0x30, 0x0,
    0x0, 0x7, 0xf3, 0x0, 0x0, 0x0, 0x7f, 0x30,
    0x0, 0x0, 0x7, 0xf3, 0x0, 0x0, 0x0, 0x7f,
    0x30, 0x0, 0x0, 0x7, 0xf3, 0x0, 0x0, 0x0,
    0x7f, 0x30, 0x0, 0x0, 0x7, 0xf3,

    /* U+0E33 "ำ" */
    0x1b, 0xeb, 0x20, 0x0, 0x0, 0x0, 0x0, 0xaa,
    0x28, 0xc0, 0x0, 0x0, 0x0, 0x0, 0xb8, 0x6,
    0xd0, 0x0, 0x0, 0x0, 0x0, 0x3e, 0xfe, 0x40,
    0x0, 0x0, 0x0, 0x0, 0x0, 0x10, 0x0, 0x0,
    0x0, 0x0, 0x0, 0x0, 0x0, 0x0, 0x0, 0x0,
    0x0, 0x0, 0x0, 0x0, 0x0, 0x8, 0xdf, 0xd8,
    0x0, 0x0, 0x0, 0x0, 0xcf, 0xa7, 0xaf, 0xb0,
    0x0, 0x0, 0x4, 0xf8, 0x0, 0xb, 0xf1, 0x0,
    0x0, 0x3, 0x82, 0x0, 0x7, 0xf3, 0x0, 0x0,
    0x0, 0x0, 0x0, 0x7, 0xf3, 0x0, 0x0, 0x0,
    0x0, 0x0, 0x7, 0xf3, 0x0, 0x0, 0x0, 0x0,
    0x0, 0x7, 0xf3, 0x0, 0x0, 0x0, 0x0, 0x0,
    0x7, 0xf3, 0x0, 0x0, 0x0, 0x0, 0x0, 0x7,
    0xf3, 0x0, 0x0, 0x0, 0x0, 0x0, 0x7, 0xf3,
    0x0, 0x0, 0x0, 0x0, 0x0, 0x7, 0xf3, 0x0,
    0x0, 0x0, 0x0, 0x0, 0x7, 0xf3,

    /* U+0E34 "ิ" */
    0x0, 0x5c, 0xfe, 0xa2, 0x0, 0x7, 0xf8, 0x34,
    0xaf, 0x30, 0x1f, 0x70, 0x0, 0x9, 0xe0, 0x5f,
    0xee, 0xdb, 0x96, 0xf4, 0x12, 0x12, 0x34, 0x7a,
    0xe8, 0x0, 0x0, 0x0, 0x0, 0x2,

    /* U+0E35 "ี" */
    0x0, 0x0, 0x0, 0x0, 0x63, 0x0, 0x5c, 0xfe,
    0xb3, 0xf8, 0x7, 0xf8, 0x34, 0xaf, 0xf8, 0x1f,
    0x70, 0x0, 0x9, 0xf8, 0x5f, 0xee, 0xdb, 0x96,
    0xf8, 0x12, 0x12, 0x34, 0x7a, 0xe8, 0x0, 0x0,
    0x0, 0x0, 0x2,

    /* U+0E36 "ึ" */
    0x0, 0x0, 0x0, 0x5, 0xda, 0x0, 0x5, 0xcf,
    0xea, 0xe2, 0xa4, 0x7, 0xf8, 0x34, 0xaf, 0x2a,
    0x41, 0xf7, 0x0, 0x0, 0x9f, 0xb0, 0x5f, 0xee,
    0xdb, 0x96, 0xf2, 0x1, 0x21, 0x23, 0x47, 0xae,
    0x80, 0x0, 0x0, 0x0, 0x0, 0x1, 0x0,

    /* U+0E37 "ื" */
    0x0, 0x0, 0x0, 0x20, 0x11, 0x0, 0x0, 0x3,
    0xf0, 0xb8, 0x0, 0x5c, 0xff, 0xf3, 0xb8, 0x7,
    0xf8, 0x34, 0xaf, 0xe8, 0x1f, 0x70, 0x0, 0x9,
    0xf8, 0x5f, 0xee, 0xdb, 0x96, 0xf8, 0x12, 0x12,
    0x34, 0x7a, 0xe8, 0x0, 0x0, 0x0, 0x0, 0x2,

    /* U+0E38 "ุ" */
    0xa, 0xec, 0x13, 0xd1, 0xf7, 0xb, 0xef, 0x80,
    0x0, 0xf8, 0x0, 0xf, 0x70,

    /* U+0E39 "ู" */
    0xb, 0xeb, 0x0, 0xe7, 0x3c, 0x2f, 0x40, 0xe8,
    0xb, 0xff, 0x50, 0xe8, 0x0, 0x1f, 0x61, 0xf7,
    0x0, 0x9, 0xff, 0xe2, 0x0, 0x0, 0x11, 0x0,

    /* U+0E3A "ฺ" */
    0x2, 0x4, 0xf9, 0x3f, 0x70,

    /* U+0E3F "฿" */
    0x0, 0x1, 0x83, 0x0, 0x0, 0x38, 0x89, 0xfa,
    0x30, 0x0, 0x6f, 0xff, 0xff, 0xfd, 0x20, 0x6f,
    0x70, 0x1, 0x8f, 0xd0, 0x6f, 0x70, 0x0, 0xc,
    0xf1, 0x6f, 0x70, 0x0, 0xa, 0xf2, 0x6f, 0x70,
    0x0, 0xd, 0xf0, 0x6f, 0x82, 0x23, 0xaf, 0x60,
    0x6f, 0xff, 0xff, 0xf8, 0x0, 0x6f, 0x95, 0x56,
    0xaf, 0xc0, 0x6f, 0x70, 0x0, 0x8, 0xf7, 0x6f,
    0x70, 0x0, 0x2, 0xfb, 0x6f, 0x70, 0x0, 0x2,
    0xfb, 0x6f, 0x70, 0x0, 0x7, 0xf9, 0x6f, 0xb7,
    0x78, 0xbf, 0xf2, 0x6f, 0xff, 0xff, 0xea, 0x20,
    0x0, 0x2, 0xf7, 0x0, 0x0, 0x0, 0x1, 0x83,
    0x0, 0x0,

    /* U+0E40 "เ" */
    0x7f, 0x30, 0x7, 0xf3, 0x0, 0x7f, 0x30, 0x7,
    0xf3, 0x0, 0x7f, 0x30, 0x7, 0xf3, 0x0, 0x7f,
    0x30, 0x7, 0xf3, 0x0, 0x7f, 0xfd, 0x36, 0xf4,
    0x9b, 0x4f, 0x48, 0xb0, 0x9f, 0xd3,

    /* U+0E41 "แ" */
    0x7f, 0x30, 0x1, 0xfa, 0x0, 0x7, 0xf3, 0x0,
    0x1f, 0xa0, 0x0, 0x7f, 0x30, 0x1, 0xfa, 0x0,
    0x7, 0xf3, 0x0, 0x1f, 0xa0, 0x0, 0x7f, 0x30,
    0x1, 0xfa, 0x0, 0x7, 0xf3, 0x0, 0x1f, 0xa0,
    0x0, 0x7f, 0x30, 0x1, 0xfa, 0x0, 0x7, 0xf3,
    0x0, 0x1f, 0xa0, 0x0, 0x7f, 0xfd, 0x31, 0xff,
    0xe7, 0x6, 0xf4, 0x9b, 0xf, 0x84, 0xf1, 0x4f,
    0x48, 0xb0, 0xe8, 0x4f, 0x10, 0x9f, 0xd3, 0x5,
    0xee, 0x70,

    /* U+0E42 "โ" */
    0x7, 0xee, 0xa4, 0x79, 0x6, 0xfa, 0x7c, 0xff,
    0x70, 0xbf, 0x61, 0x1, 0x30, 0x5, 0x9e, 0xe5,
    0x0, 0x0, 0x0, 0x1c, 0xf2, 0x0, 0x0, 0x0,
    0x4f, 0x60, 0x0, 0x0, 0x3, 0xf7, 0x0, 0x0,
    0x0, 0x3f, 0x70, 0x0, 0x0, 0x3, 0xf7, 0x0,
    0x0, 0x0, 0x3f, 0x70, 0x0, 0x0, 0x3, 0xf7,
    0x0, 0x0, 0x0, 0x3f, 0x70, 0x0, 0x0, 0x3,
    0xf7, 0x0, 0x0, 0x0, 0x3f, 0x70, 0x0, 0x0,
    0x3, 0xf7, 0x0, 0x0, 0x0, 0x3f, 0x70, 0x0,
    0x0, 0x3, 0xff, 0xe5, 0x0, 0x0, 0x3f, 0x66,
    0xe0, 0x0, 0x1, 0xf6, 0x6f, 0x0, 0x0, 0x7,
    0xee, 0x50,

    /* U+0E43 "ใ" */
    0x1, 0x9e, 0xfc, 0x40, 0x0, 0xd, 0xff, 0x5c,
    0xf3, 0x0, 0x3e, 0xb, 0x63, 0xf7, 0x0, 0x3e,
    0xb, 0x65, 0xf6, 0x0, 0x9, 0xeb, 0xb, 0xf0,
    0x0, 0x0, 0x0, 0x1f, 0xa0, 0x0, 0x0, 0x0,
    0x3f, 0x80, 0x0, 0x0, 0x0, 0x3f, 0x70, 0x0,
    0x0, 0x0, 0x3f, 0x70, 0x0, 0x0, 0x0, 0x3f,
    0x70, 0x0, 0x0, 0x0, 0x3f, 0x70, 0x0, 0x0,
    0x0, 0x3f, 0x70, 0x0, 0x0, 0x0, 0x3f, 0x70,
    0x0, 0x0, 0x0, 0x3f, 0x70, 0x0, 0x0, 0x0,
    0x3f, 0x70, 0x0, 0x0, 0x0, 0x3f, 0x70, 0x0,
    0x0, 0x0, 0x3f, 0xfe, 0x50, 0x0, 0x0, 0x3f,
    0x76, 0xf0, 0x0, 0x0, 0x1f, 0x65, 0xf0, 0x0,
    0x0, 0x6, 0xee, 0x50,

    /* U+0E44 "ไ" */
    0x3f, 0x20, 0x3f, 0xb0, 0x0, 0xf, 0x50, 0xdf,
    0xb0, 0x0, 0xd, 0x79, 0xcf, 0xb0, 0x0, 0xb,
    0xdf, 0x2f, 0xb0, 0x0, 0x8, 0xf6, 0xf, 0xb0,
    0x0, 0x0, 0x20, 0xf, 0xb0, 0x0, 0x0, 0x0,
    0xf, 0xb0, 0x0, 0x0, 0x0, 0xf, 0xb0, 0x0,
    0x0, 0x0, 0xf, 0xb0, 0x0, 0x0, 0x0, 0xf,
    0xb0, 0x0, 0x0, 0x0, 0xf, 0xb0, 0x0, 0x0,
    0x0, 0xf, 0xb0, 0x0, 0x0, 0x0, 0xf, 0xb0,
    0x0, 0x0, 0x0, 0xf, 0xb0, 0x0, 0x0, 0x0,
    0xf, 0xb0, 0x0, 0x0, 0x0, 0xf, 0xb0, 0x0,
    0x0, 0x0, 0xf, 0xfe, 0x80, 0x0, 0x0, 0xf,
    0xa4, 0xe3, 0x0, 0x0, 0xd, 0xa3, 0xe3, 0x0,
    0x0, 0x4, 0xdf, 0x80,

    /* U+0E45 "ๅ" */
    0x0, 0x7d, 0xfe, 0x91, 0x0, 0x9f, 0xb7, 0x9f,
    0xd0, 0x1f, 0xb0, 0x0, 0x8f, 0x31, 0x84, 0x0,
    0x4, 0xf5, 0x0, 0x0, 0x0, 0x4f, 0x60, 0x0,
    0x0, 0x4, 0xf6, 0x0, 0x0, 0x0, 0x4f, 0x60,
    0x0, 0x0, 0x4, 0xf6, 0x0, 0x0, 0x0, 0x4f,
    0x60, 0x0, 0x0, 0x4, 0xf6, 0x0, 0x0, 0x0,
    0x4f, 0x60, 0x0, 0x0, 0x4, 0xf6, 0x0, 0x0,
    0x0, 0x4f, 0x60, 0x0, 0x0, 0x4, 0xf6, 0x0,
    0x0, 0x0, 0x4f, 0x60, 0x0, 0x0, 0x4, 0xf6,
    0x0, 0x0, 0x0, 0x4f, 0x60,

    /* U+0E46 "ๆ" */
    0x0, 0x2, 0x0, 0x20, 0x0, 0x0, 0xcf, 0x96,
    0xfe, 0x40, 0xa, 0xf6, 0xdf, 0x6c, 0xf1, 0x1f,
    0x80, 0x2, 0x4, 0xf7, 0x5f, 0xfe, 0x50, 0x2,
    0xf8, 0x5f, 0x67, 0xf0, 0x2, 0xf8, 0x3f, 0x44,
    0xf0, 0x2, 0xf8, 0x9, 0xff, 0x80, 0x2, 0xf8,
    0x0, 0x11, 0x0, 0x2, 0xf8, 0x0, 0x0, 0x0,
    0x2, 0xf8, 0x0, 0x0, 0x0, 0x2, 0xf8, 0x0,
    0x0, 0x0, 0x2, 0xf8, 0x0, 0x0, 0x0, 0x2,
    0xf8, 0x0, 0x0, 0x0, 0x2, 0xf8, 0x0, 0x0,
    0x0, 0x2, 0xf8, 0x0, 0x0, 0x0, 0x2, 0xf8,
    0x0, 0x0, 0x0, 0x2, 0xf8, 0x0, 0x0, 0x0,
    0x2, 0xf8,

    /* U+0E47 "็" */
    0x0, 0x0, 0x0, 0x0, 0x0, 0x0, 0x0, 0x6e,
    0x0, 0x0, 0x1, 0xcb, 0x6, 0xdf, 0xff, 0xd2,
    0x4f, 0x63, 0x32, 0x0, 0x8d, 0x3, 0x8, 0xd7,
    0x6f, 0xbd, 0xbe, 0x1e, 0xb, 0x70, 0x7d, 0xe7,
    0x0, 0x0, 0x0, 0x0,

    /* U+0E48 "่" */
    0x6, 0x31, 0xf8, 0x1f, 0x81, 0xf8, 0x1f, 0x80,

    /* U+0E49 "้" */
    0x8, 0xeb, 0x0, 0xb, 0x50, 0xf1, 0xc4, 0x5,
    0xf3, 0x9, 0xef, 0x22, 0xea, 0x0, 0x2c, 0xb8,
    0xf9, 0x0, 0xe, 0xdc, 0x82, 0x0, 0x0,

    /* U+0E4A "๊" */
    0x0, 0x1, 0x2, 0x0, 0x1, 0x0, 0x3e, 0xe7,
    0xfd, 0x16, 0xf1, 0xd, 0xa4, 0xc2, 0xd7, 0x8e,
    0x1, 0xfe, 0x90, 0xb, 0x8d, 0x80, 0x1e, 0xe,
    0x1, 0xfc, 0xd0, 0x0, 0x7d, 0x90, 0x7c, 0x70,
    0x0,

    /* U+0E4B "๋" */
    0x0, 0xa4, 0x0, 0x1, 0xf7, 0x0, 0xdf, 0xff,
    0xf3, 0x24, 0xf9, 0x30, 0x1, 0xf7, 0x0,

    /* U+0E4C "์" */
    0x0, 0x0, 0x0, 0x0, 0x0, 0x0, 0xad, 0x0,
    0x27, 0xdf, 0x40, 0x7f, 0xf6, 0x0, 0xf, 0xad,
    0x40, 0x0, 0xf2, 0xa6, 0x0, 0x7, 0xeb, 0x10,
    0x0,

    /* U+0E4D "ํ" */
    0xa, 0xeb, 0x18, 0xb2, 0xaa, 0xb6, 0x3, 0xe9,
    0xa0, 0x8b, 0x1d, 0xfe, 0x20, 0x1, 0x0,

    /* U+0E4E "๎" */
    0x0, 0x1a, 0xed, 0x20, 0x9, 0xc3, 0x40, 0x0,
    0x8c, 0x0, 0x0, 0x2b, 0xfe, 0x0, 0xd, 0x80,
    0x0, 0x0, 0xf7, 0x1, 0x0, 0x5, 0xef, 0x60,
    0x0,

    /* U+0E4F "๏" */
    0x0, 0x3a, 0xef, 0xc7, 0x0, 0x0, 0x6e, 0x51,
    0x3, 0xac, 0x0, 0x2e, 0x15, 0xcd, 0x90, 0x99,
    0x8, 0x73, 0xc1, 0x7, 0xa1, 0xe0, 0xb3, 0x84,
    0x0, 0xd, 0xc, 0x2b, 0x38, 0x50, 0x0, 0xd0,
    0xc2, 0x97, 0x3c, 0x10, 0x7a, 0x1e, 0x2, 0xe1,
    0x5c, 0xd9, 0x9, 0x90, 0x6, 0xd5, 0x0, 0x2a,
    0xc0, 0x0, 0x3, 0xbe, 0xfd, 0x70, 0x0,

    /* U+0E50 "๐" */
    0x0, 0x0, 0x1, 0x0, 0x0, 0x0, 0x0, 0x5c,
    0xff, 0xfd, 0x70, 0x0, 0xa, 0xfc, 0x65, 0x6a,
    0xfc, 0x0, 0x6f, 0x70, 0x0, 0x0, 0x4f, 0x90,
    0xcd, 0x0, 0x0, 0x0, 0xa, 0xf0, 0xeb, 0x0,
    0x0, 0x0, 0x8, 0xf1, 0xce, 0x0, 0x0, 0x0,
    0xb, 0xf0, 0x6f, 0x80, 0x0, 0x0, 0x5f, 0x90,
    0x9, 0xfd, 0x86, 0x7c, 0xfc, 0x0, 0x0, 0x4a,
    0xef, 0xeb, 0x60, 0x0,

    /* U+0E51 "๑" */
    0x0, 0x0, 0x1, 0x0, 0x0, 0x0, 0x0, 0x5b,
    0xff, 0xfd, 0x80, 0x0, 0x9, 0xfc, 0x74, 0x5a,
    0xfe, 0x10, 0x6f, 0x90, 0x9e, 0xb1, 0x4f, 0xc0,
    0xce, 0x3, 0xd0, 0x89, 0x8, 0xf3, 0xeb, 0x3,
    0xd0, 0x8c, 0x3, 0xf6, 0xdc, 0x0, 0x9e, 0xfc,
    0x3, 0xf6, 0x9f, 0x30, 0x1, 0xf7, 0x5, 0xf3,
    0x2f, 0xe6, 0x4c, 0xe1, 0xc, 0xe0, 0x2, 0xbf,
    0xfa, 0x10, 0x7f, 0x50,

    /* U+0E52 "๒" */
    0x8f, 0x60, 0x0, 0x0, 0x0, 0x0, 0x2, 0xed,
    0x0, 0x0, 0x0, 0x0, 0x0, 0xc, 0xe0, 0x0,
    0x0, 0x0, 0x0, 0x0, 0xce, 0x2, 0xcf, 0xc4,
    0xef, 0x70, 0xc, 0xe0, 0xbc, 0x49, 0xf6, 0x9f,
    0x20, 0xce, 0x1f, 0xfd, 0x36, 0x0, 0xf7, 0xc,
    0xe2, 0xf3, 0x7a, 0x0, 0xe, 0x90, 0xce, 0x1f,
    0x27, 0xb0, 0x0, 0xfa, 0xb, 0xf0, 0x8f, 0xe3,
    0x0, 0x1f, 0x80, 0x6f, 0x70, 0x0, 0x0, 0xa,
    0xf3, 0x0, 0xbf, 0xc8, 0x66, 0x7c, 0xf8, 0x0,
    0x0, 0x5b, 0xef, 0xfe, 0xb4, 0x0,

    /* U+0E53 "๓" */
    0x0, 0x0, 0x0, 0x0, 0x0, 0x0, 0x4, 0xdf,
    0xf8, 0xa, 0xff, 0x90, 0x2f, 0xd6, 0x7f, 0xdd,
    0x59, 0xf5, 0x9f, 0x20, 0x8, 0xf5, 0x1, 0xf9,
    0xdd, 0x0, 0x5, 0xf3, 0x0, 0xfa, 0xeb, 0x0,
    0x5, 0xf3, 0x0, 0xfa, 0xee, 0xdb, 0x15, 0xf3,
    0x0, 0xfa, 0xce, 0x29, 0x95, 0xf3, 0x0, 0xfa,
    0x6d, 0x7, 0xa5, 0xf3, 0x0, 0xfa, 0xa, 0xdc,
    0x25, 0xf3, 0x0, 0xfa,

    /* U+0E54 "๔" */
    0x0, 0x0, 0x0, 0x0, 0x0, 0x6, 0x50, 0x0,
    0x0, 0x0, 0x0, 0x0, 0xe8, 0x0, 0x0, 0x0,
    0x0, 0x0, 0x7f, 0x30, 0x0, 0x0, 0x0, 0x13,
    0x9f, 0x90, 0x0, 0x6c, 0xff, 0xff, 0xfe, 0x70,
    0x0, 0xcf, 0xb6, 0x43, 0x32, 0x0, 0x0, 0x7f,
    0x60, 0x4e, 0xe4, 0x0, 0x0, 0xc, 0xd0, 0xe,
    0x44, 0xe0, 0x0, 0x0, 0xeb, 0x0, 0xf3, 0x3e,
    0x0, 0x0, 0xd, 0xc0, 0x9, 0xff, 0x60, 0x0,
    0x0, 0x9f, 0x30, 0xa, 0xfb, 0x50, 0x0, 0x2,
    0xef, 0x75, 0x6a, 0xff, 0xe8, 0x10, 0x2, 0xaf,
    0xff, 0xff, 0xff, 0xfd, 0x0, 0x0, 0x0, 0x0,
    0x0, 0x1, 0x10,

    /* U+0E55 "๕" */
    0x0, 0x0, 0x0, 0x0, 0x0, 0x6, 0x50, 0x0,
    0x0, 0xbf, 0xb0, 0x0, 0xe8, 0x0, 0x0, 0x6b,
    0x1b, 0x70, 0x7f, 0x30, 0x0, 0x6, 0xc2, 0xb9,
    0x9f, 0x90, 0x0, 0x5b, 0xef, 0xff, 0xfe, 0x70,
    0x0, 0xbf, 0xc6, 0x54, 0x42, 0x0, 0x0, 0x7f,
    0x60, 0x4e, 0xe4, 0x0, 0x0, 0xc, 0xd0, 0xe,
    0x44, 0xe0, 0x0, 0x0, 0xeb, 0x0, 0xf3, 0x3e,
    0x0, 0x0, 0xd, 0xc0, 0x9, 0xff, 0x60, 0x0,
    0x0, 0xaf, 0x30, 0xa, 0xfb, 0x50, 0x0, 0x2,
    0xfe, 0x75, 0x6a, 0xff, 0xe8, 0x10, 0x2, 0xaf,
    0xff, 0xff, 0xff, 0xfd, 0x0, 0x0, 0x0, 0x0,
    0x0, 0x1, 0x10,

    /* U+0E56 "๖" */
    0x49, 0x20, 0x0, 0x0, 0x0, 0x0, 0x1, 0xf9,
    0x0, 0x0, 0x0, 0x0, 0x0, 0xb, 0xe0, 0x0,
    0x0, 0x0, 0x0, 0x0, 0x7f, 0x20, 0x0, 0x0,
    0x0, 0x0, 0x4, 0xf5, 0x8e, 0xff, 0xfa, 0x20,
    0x0, 0x1f, 0xfe, 0x85, 0x58, 0xef, 0x50, 0x0,
    0xf9, 0x0, 0x0, 0x0, 0xde, 0x0, 0x0, 0x0,
    0x0, 0x0, 0x5, 0xf5, 0x0, 0x3d, 0xe7, 0x0,
    0x0, 0x3f, 0x60, 0xc, 0x62, 0xf1, 0x0, 0x6,
    0xf4, 0x0, 0xd4, 0xe, 0x10, 0x2, 0xed, 0x0,
    0x6, 0xff, 0xd5, 0x69, 0xfe, 0x20, 0x0, 0x4,
    0xbe, 0xfe, 0xc7, 0x0, 0x0,

    /* U+0E57 "๗" */
    0x0, 0x0, 0x0, 0x0, 0x0, 0x1, 0x83, 0x0,
    0x0, 0x0, 0x0, 0x0, 0x5, 0xf4, 0x0, 0x0,
    0x0, 0x0, 0x0, 0x7, 0xf1, 0x0, 0x1, 0x0,
    0x1, 0x0, 0x8, 0xf0, 0x6, 0xff, 0xb1, 0xcf,
    0xd2, 0x8, 0xf0, 0x3f, 0xb5, 0xdd, 0xb6, 0xec,
    0x9, 0xf0, 0x9f, 0x10, 0x5f, 0x30, 0x8f, 0x19,
    0xf0, 0xcc, 0x0, 0x3f, 0x20, 0x6f, 0x29, 0xe0,
    0xeb, 0x0, 0x3d, 0x10, 0x8f, 0x1b, 0xc0, 0xde,
    0xed, 0x20, 0x0, 0x9f, 0x1f, 0x80, 0xbe, 0x18,
    0xa0, 0x0, 0xdb, 0xaf, 0x20, 0x6d, 0x7, 0xa0,
    0x1, 0xff, 0xf6, 0x0, 0xa, 0xfc, 0x20, 0x2,
    0xca, 0x30, 0x0,

    /* U+0E58 "๘" */
    0x0, 0x0, 0x0, 0x0, 0x1, 0x83, 0x0, 0x0,
    0x0, 0x0, 0x3, 0xf6, 0x0, 0x0, 0x0, 0x0,
    0x5, 0xf4, 0x0, 0x0, 0x0, 0x0, 0x3d, 0xf1,
    0x0, 0x7c, 0xff, 0xff, 0xff, 0x70, 0xc, 0xfe,
    0xba, 0xaa, 0x94, 0x0, 0x7f, 0x80, 0x0, 0x0,
    0x0, 0x0, 0xce, 0x0, 0x0, 0x1, 0xbe, 0x90,
    0xeb, 0x0, 0x40, 0x7, 0x90, 0xc5, 0xed, 0x8,
    0xf7, 0x7, 0xa0, 0xc7, 0xbf, 0x9f, 0xaf, 0x41,
    0xcf, 0xf5, 0x6f, 0xf8, 0x9, 0xf8, 0x6e, 0xe0,
    0xb, 0xe0, 0x0, 0x7e, 0xfb, 0x20,

    /* U+0E59 "๙" */
    0x0, 0x0, 0x0, 0x0, 0x0, 0x27, 0x0, 0x0,
    0x0, 0x0, 0x0, 0x2, 0xf1, 0x0, 0x0, 0x0,
    0x0, 0x0, 0x1f, 0x30, 0x0, 0x1, 0x0, 0x0,
    0x1, 0xf3, 0x2, 0xbf, 0xfd, 0x4b, 0xf6, 0x4f,
    0x11, 0xef, 0x75, 0xaf, 0xf6, 0xdf, 0xa0, 0x8f,
    0x40, 0x0, 0xae, 0x0, 0x20, 0xd, 0xd0, 0x0,
    0x2, 0xf5, 0x0, 0x0, 0xeb, 0x0, 0x0, 0xb,
    0xd0, 0x0, 0xd, 0xd0, 0x9e, 0xa0, 0x2f, 0x70,
    0x0, 0x8f, 0x8c, 0x2b, 0x70, 0x7f, 0x40, 0x1,
    0xef, 0xc3, 0xb7, 0x0, 0xaf, 0x40, 0x1, 0xae,
    0xfa, 0x0, 0x0, 0xa4, 0x0,

    /* U+0E5A "๚" */
    0xa, 0xfc, 0x20, 0xdf, 0xc0, 0x7f, 0xe4, 0x6d,
    0x3b, 0xa3, 0xfd, 0xf6, 0xdd, 0xfc, 0x6d, 0x3b,
    0xce, 0x84, 0xfe, 0xe1, 0xdd, 0xd, 0xff, 0xf8,
    0x4, 0xfd, 0x20, 0xdd, 0x0, 0x34, 0x10, 0x4,
    0xf7, 0x0, 0xdd, 0x0, 0x0, 0x0, 0x4, 0xf7,
    0x0, 0xdd, 0x0, 0x0, 0x0, 0x4, 0xf7, 0x0,
    0xdd, 0x0, 0x0, 0x0, 0x4, 0xf7, 0x0, 0xdd,
    0x0, 0x0, 0x0, 0x4, 0xf7, 0x0, 0xdd, 0x0,
    0x0, 0x0, 0x4, 0xf7, 0x0, 0xdd, 0x0, 0x0,
    0x0, 0x4, 0xf7, 0x0, 0xdd, 0x0, 0x0, 0x0,
    0x4, 0xf7, 0x0, 0xdd,

    /* U+0E5B "๛" */
    0x0, 0x0, 0x0, 0x0, 0x0, 0x0, 0x0, 0x0,
    0x0, 0x0, 0x8, 0xff, 0xd4, 0x0, 0x0, 0x0,
    0x0, 0x0, 0x0, 0x9, 0xf8, 0x59, 0xf1, 0x0,
    0x0, 0x0, 0x0, 0x0, 0x2, 0xf8, 0x0, 0xd,
    0x61, 0xfa, 0x3, 0x20, 0x0, 0x0, 0x6f, 0x11,
    0xce, 0xe8, 0x1f, 0xf0, 0xdc, 0xe, 0x60, 0x8,
    0xf0, 0x88, 0x4f, 0x72, 0xff, 0x6f, 0xe7, 0xdc,
    0x0, 0x7f, 0x8, 0x73, 0xf3, 0x5f, 0xbe, 0xa9,
    0xf5, 0xce, 0xa5, 0xf3, 0x2e, 0xf8, 0xb, 0xd4,
    0xf5, 0x2b, 0x0, 0x10, 0xe, 0xb0, 0x0, 0x6,
    0xf7, 0x1, 0x0, 0x0, 0x0, 0x0, 0x5f, 0xc7,
    0x7b, 0xfb, 0x0, 0x0, 0x0, 0x0, 0x0, 0x0,
    0x4b, 0xef, 0xc6, 0x0, 0x0, 0x0, 0x0, 0x0,
    0x0
};


/*---------------------
 *  GLYPH DESCRIPTION
 *--------------------*/

static const lv_font_fmt_txt_glyph_dsc_t glyph_dsc[] = {
    {.bitmap_index = 0, .adv_w = 0, .box_w = 0, .box_h = 0, .ofs_x = 0, .ofs_y = 0} /* id = 0 reserved */,
    {.bitmap_index = 0, .adv_w = 78, .box_w = 0, .box_h = 0, .ofs_x = 0, .ofs_y = 0},
    {.bitmap_index = 0, .adv_w = 76, .box_w = 3, .box_h = 14, .ofs_x = 1, .ofs_y = 0},
    {.bitmap_index = 21, .adv_w = 113, .box_w = 6, .box_h = 5, .ofs_x = 1, .ofs_y = 9},
    {.bitmap_index = 36, .adv_w = 220, .box_w = 12, .box_h = 14, .ofs_x = 1, .ofs_y = 0},
    {.bitmap_index = 120, .adv_w = 169, .box_w = 10, .box_h = 17, .ofs_x = 0, .ofs_y = -2},
    {.bitmap_index = 205, .adv_w = 289, .box_w = 18, .box_h = 14, .ofs_x = 0, .ofs_y = 0},
    {.bitmap_index = 331, .adv_w = 214, .box_w = 13, .box_h = 14, .ofs_x = 0, .ofs_y = 0},
    {.bitmap_index = 422, .adv_w = 61, .box_w = 2, .box_h = 5, .ofs_x = 1, .ofs_y = 9},
    {.bitmap_index = 427, .adv_w = 102, .box_w = 6, .box_h = 16, .ofs_x = 0, .ofs_y = -1},
    {.bitmap_index = 475, .adv_w = 102, .box_w = 6, .box_h = 16, .ofs_x = 0, .ofs_y = -1},
    {.bitmap_index = 523, .adv_w = 143, .box_w = 9, .box_h = 9, .ofs_x = 0, .ofs_y = 6},
    {.bitmap_index = 564, .adv_w = 194, .box_w = 11, .box_h = 10, .ofs_x = 1, .ofs_y = 0},
    {.bitmap_index = 619, .adv_w = 81, .box_w = 3, .box_h = 7, .ofs_x = 1, .ofs_y = -4},
    {.bitmap_index = 630, .adv_w = 109, .box_w = 7, .box_h = 3, .ofs_x = 0, .ofs_y = 4},
    {.bitmap_index = 641, .adv_w = 81, .box_w = 3, .box_h = 3, .ofs_x = 1, .ofs_y = 0},
    {.bitmap_index = 646, .adv_w = 133, .box_w = 10, .box_h = 15, .ofs_x = -1, .ofs_y = -1},
    {.bitmap_index = 721, .adv_w = 176, .box_w = 11, .box_h = 14, .ofs_x = 0, .ofs_y = 0},
    {.bitmap_index = 798, .adv_w = 176, .box_w = 8, .box_h = 14, .ofs_x = 2, .ofs_y = 0},
    {.bitmap_index = 854, .adv_w = 176, .box_w = 11, .box_h = 14, .ofs_x = 0, .ofs_y = 0},
    {.bitmap_index = 931, .adv_w = 176, .box_w = 11, .box_h = 14, .ofs_x = 0, .ofs_y = 0},
    {.bitmap_index = 1008, .adv_w = 176, .box_w = 11, .box_h = 14, .ofs_x = 0, .ofs_y = 0},
    {.bitmap_index = 1085, .adv_w = 176, .box_w = 11, .box_h = 14, .ofs_x = 0, .ofs_y = 0},
    {.bitmap_index = 1162, .adv_w = 176, .box_w = 11, .box_h = 15, .ofs_x = 0, .ofs_y = 0},
    {.bitmap_index = 1245, .adv_w = 176, .box_w = 9, .box_h = 14, .ofs_x = 1, .ofs_y = 0},
    {.bitmap_index = 1308, .adv_w = 176, .box_w = 11, .box_h = 14, .ofs_x = 0, .ofs_y = 0},
    {.bitmap_index = 1385, .adv_w = 176, .box_w = 11, .box_h = 15, .ofs_x = 0, .ofs_y = -1},
    {.bitmap_index = 1468, .adv_w = 81, .box_w = 3, .box_h = 10, .ofs_x = 1, .ofs_y = 0},
    {.bitmap_index = 1483, .adv_w = 81, .box_w = 3, .box_h = 14, .ofs_x = 1, .ofs_y = -4},
    {.bitmap_index = 1504, .adv_w = 194, .box_w = 10, .box_h = 12, .ofs_x = 1, .ofs_y = 0},
    {.bitmap_index = 1564, .adv_w = 194, .box_w = 10, .box_h = 7, .ofs_x = 1, .ofs_y = 2},
    {.bitmap_index = 1599, .adv_w = 194, .box_w = 10, .box_h = 12, .ofs_x = 1, .ofs_y = 0},
    {.bitmap_index = 1659, .adv_w = 145, .box_w = 9, .box_h = 14, .ofs_x = 0, .ofs_y = 0},
    {.bitmap_index = 1722, .adv_w = 254, .box_w = 16, .box_h = 16, .ofs_x = 0, .ofs_y = -4},
    {.bitmap_index = 1850, .adv_w = 191, .box_w = 12, .box_h = 14, .ofs_x = 0, .ofs_y = 0},
    {.bitmap_index = 1934, .adv_w = 188, .box_w = 10, .box_h = 14, .ofs_x = 1, .ofs_y = 0},
    {.bitmap_index = 2004, .adv_w = 187, .box_w = 12, .box_h = 14, .ofs_x = 0, .ofs_y = 0},
    {.bitmap_index = 2088, .adv_w = 199, .box_w = 11, .box_h = 14, .ofs_x = 1, .ofs_y = 0},
    {.bitmap_index = 2165, .adv_w = 177, .box_w = 10, .box_h = 14, .ofs_x = 1, .ofs_y = 0},
    {.bitmap_index = 2235, .adv_w = 176, .box_w = 10, .box_h = 14, .ofs_x = 1, .ofs_y = 0},
    {.bitmap_index = 2305, .adv_w = 204, .box_w = 12, .box_h = 14, .ofs_x = 0, .ofs_y = 0},
    {.bitmap_index = 2389, .adv_w = 217, .box_w = 11, .box_h = 14, .ofs_x = 1, .ofs_y = 0},
    {.bitmap_index = 2466, .adv_w = 93, .box_w = 2, .box_h = 14, .ofs_x = 2, .ofs_y = 0},
    {.bitmap_index = 2480, .adv_w = 141, .box_w = 8, .box_h = 14, .ofs_x = 0, .ofs_y = 0},
    {.bitmap_index = 2536, .adv_w = 194, .box_w = 11, .box_h = 14, .ofs_x = 1, .ofs_y = 0},
    {.bitmap_index = 2613, .adv_w = 175, .box_w = 10, .box_h = 14, .ofs_x = 1, .ofs_y = 0},
    {.bitmap_index = 2683, .adv_w = 255, .box_w = 14, .box_h = 14, .ofs_x = 1, .ofs_y = 0},
    {.bitmap_index = 2781, .adv_w = 218, .box_w = 12, .box_h = 14, .ofs_x = 1, .ofs_y = 0},
    {.bitmap_index = 2865, .adv_w = 212, .box_w = 13, .box_h = 14, .ofs_x = 0, .ofs_y = 0},
    {.bitmap_index = 2956, .adv_w = 183, .box_w = 10, .box_h = 14, .ofs_x = 1, .ofs_y = 0},
    {.bitmap_index = 3026, .adv_w = 212, .box_w = 13, .box_h = 16, .ofs_x = 0, .ofs_y = -2},
    {.bitmap_index = 3130, .adv_w = 186, .box_w = 11, .box_h = 14, .ofs_x = 1, .ofs_y = 0},
    {.bitmap_index = 3207, .adv_w = 169, .box_w = 10, .box_h = 14, .ofs_x = 0, .ofs_y = 0},
    {.bitmap_index = 3277, .adv_w = 179, .box_w = 11, .box_h = 14, .ofs_x = 0, .ofs_y = 0},
    {.bitmap_index = 3354, .adv_w = 210, .box_w = 11, .box_h = 14, .ofs_x = 1, .ofs_y = 0},
    {.bitmap_index = 3431, .adv_w = 193, .box_w = 12, .box_h = 14, .ofs_x = 0, .ofs_y = 0},
    {.bitmap_index = 3515, .adv_w = 266, .box_w = 17, .box_h = 14, .ofs_x = 0, .ofs_y = 0},
    {.bitmap_index = 3634, .adv_w = 194, .box_w = 12, .box_h = 14, .ofs_x = 0, .ofs_y = 0},
    {.bitmap_index = 3718, .adv_w = 183, .box_w = 12, .box_h = 14, .ofs_x = 0, .ofs_y = 0},
    {.bitmap_index = 3802, .adv_w = 181, .box_w = 11, .box_h = 14, .ofs_x = 0, .ofs_y = 0},
    {.bitmap_index = 3879, .adv_w = 99, .box_w = 5, .box_h = 17, .ofs_x = 1, .ofs_y = -3},
    {.bitmap_index = 3922, .adv_w = 122, .box_w = 10, .box_h = 15, .ofs_x = -1, .ofs_y = -1},
    {.bitmap_index = 3997, .adv_w = 99, .box_w = 5, .box_h = 17, .ofs_x = 0, .ofs_y = -3},
    {.bitmap_index = 4040, .adv_w = 187, .box_w = 11, .box_h = 10, .ofs_x = 0, .ofs_y = 4},
    {.bitmap_index = 4095, .adv_w = 103, .box_w = 7, .box_h = 3, .ofs_x = 0, .ofs_y = -6},
    {.bitmap_index = 4106, .adv_w = 128, .box_w = 5, .box_h = 3, .ofs_x = 1, .ofs_y = 11},
    {.bitmap_index = 4114, .adv_w = 164, .box_w = 10, .box_h = 10, .ofs_x = 0, .ofs_y = 0},
    {.bitmap_index = 4164, .adv_w = 173, .box_w = 10, .box_h = 14, .ofs_x = 1, .ofs_y = 0},
    {.bitmap_index = 4234, .adv_w = 151, .box_w = 10, .box_h = 10, .ofs_x = 0, .ofs_y = 0},
    {.bitmap_index = 4284, .adv_w = 173, .box_w = 10, .box_h = 14, .ofs_x = 0, .ofs_y = 0},
    {.bitmap_index = 4354, .adv_w = 166, .box_w = 10, .box_h = 10, .ofs_x = 0, .ofs_y = 0},
    {.bitmap_index = 4404, .adv_w = 106, .box_w = 7, .box_h = 14, .ofs_x = 0, .ofs_y = 0},
    {.bitmap_index = 4453, .adv_w = 173, .box_w = 10, .box_h = 14, .ofs_x = 0, .ofs_y = -4},
    {.bitmap_index = 4523, .adv_w = 179, .box_w = 9, .box_h = 14, .ofs_x = 1, .ofs_y = 0},
    {.bitmap_index = 4586, .adv_w = 78, .box_w = 3, .box_h = 14, .ofs_x = 1, .ofs_y = 0},
    {.bitmap_index = 4607, .adv_w = 79, .box_w = 5, .box_h = 18, .ofs_x = -1, .ofs_y = -4},
    {.bitmap_index = 4652, .adv_w = 156, .box_w = 9, .box_h = 14, .ofs_x = 1, .ofs_y = 0},
    {.bitmap_index = 4715, .adv_w = 93, .box_w = 5, .box_h = 14, .ofs_x = 1, .ofs_y = 0},
    {.bitmap_index = 4750, .adv_w = 268, .box_w = 15, .box_h = 10, .ofs_x = 1, .ofs_y = 0},
    {.bitmap_index = 4825, .adv_w = 176, .box_w = 9, .box_h = 10, .ofs_x = 1, .ofs_y = 0},
    {.bitmap_index = 4870, .adv_w = 178, .box_w = 11, .box_h = 10, .ofs_x = 0, .ofs_y = 0},
    {.bitmap_index = 4925, .adv_w = 174, .box_w = 10, .box_h = 14, .ofs_x = 1, .ofs_y = -4},
    {.bitmap_index = 4995, .adv_w = 174, .box_w = 10, .box_h = 14, .ofs_x = 0, .ofs_y = -4},
    {.bitmap_index = 5065, .adv_w = 112, .box_w = 6, .box_h = 11, .ofs_x = 1, .ofs_y = 0},
    {.bitmap_index = 5098, .adv_w = 133, .box_w = 8, .box_h = 10, .ofs_x = 0, .ofs_y = 0},
    {.bitmap_index = 5138, .adv_w = 121, .box_w = 7, .box_h = 14, .ofs_x = 0, .ofs_y = 0},
    {.bitmap_index = 5187, .adv_w = 177, .box_w = 9, .box_h = 10, .ofs_x = 1, .ofs_y = 0},
    {.bitmap_index = 5232, .adv_w = 153, .box_w = 10, .box_h = 10, .ofs_x = 0, .ofs_y = 0},
    {.bitmap_index = 5282, .adv_w = 214, .box_w = 14, .box_h = 10, .ofs_x = 0, .ofs_y = 0},
    {.bitmap_index = 5352, .adv_w = 147, .box_w = 9, .box_h = 10, .ofs_x = 0, .ofs_y = 0},
    {.bitmap_index = 5397, .adv_w = 148, .box_w = 10, .box_h = 14, .ofs_x = 0, .ofs_y = -4},
    {.bitmap_index = 5467, .adv_w = 144, .box_w = 9, .box_h = 10, .ofs_x = 0, .ofs_y = 0},
    {.bitmap_index = 5512, .adv_w = 102, .box_w = 6, .box_h = 17, .ofs_x = 0, .ofs_y = -3},
    {.bitmap_index = 5563, .adv_w = 77, .box_w = 3, .box_h = 17, .ofs_x = 1, .ofs_y = -3},
    {.bitmap_index = 5589, .adv_w = 102, .box_w = 6, .box_h = 17, .ofs_x = 0, .ofs_y = -3},
    {.bitmap_index = 5640, .adv_w = 194, .box_w = 10, .box_h = 5, .ofs_x = 1, .ofs_y = 3},
    {.bitmap_index = 5665, .adv_w = 184, .box_w = 11, .box_h = 12, .ofs_x = 0, .ofs_y = 0},
    {.bitmap_index = 5731, .adv_w = 190, .box_w = 11, .box_h = 12, .ofs_x = 0, .ofs_y = 0},
    {.bitmap_index = 5797, .adv_w = 194, .box_w = 11, .box_h = 13, .ofs_x = 0, .ofs_y = 0},
    {.bitmap_index = 5869, .adv_w = 193, .box_w = 11, .box_h = 12, .ofs_x = 0, .ofs_y = 0},
    {.bitmap_index = 5935, .adv_w = 194, .box_w = 11, .box_h = 13, .ofs_x = 0, .ofs_y = 0},
    {.bitmap_index = 6007, .adv_w = 204, .box_w = 12, .box_h = 13, .ofs_x = 0, .ofs_y = 0},
    {.bitmap_index = 6085, .adv_w = 145, .box_w = 8, .box_h = 12, .ofs_x = 0, .ofs_y = 0},
    {.bitmap_index = 6133, .adv_w = 178, .box_w = 10, .box_h = 12, .ofs_x = 0, .ofs_y = 0},
    {.bitmap_index = 6193, .adv_w = 182, .box_w = 11, .box_h = 12, .ofs_x = 0, .ofs_y = 0},
    {.bitmap_index = 6259, .adv_w = 194, .box_w = 12, .box_h = 13, .ofs_x = 0, .ofs_y = 0},
    {.bitmap_index = 6337, .adv_w = 197, .box_w = 12, .box_h = 13, .ofs_x = 0, .ofs_y = 0},
    {.bitmap_index = 6415, .adv_w = 258, .box_w = 15, .box_h = 12, .ofs_x = 0, .ofs_y = 0},
    {.bitmap_index = 6505, .adv_w = 266, .box_w = 16, .box_h = 17, .ofs_x = 0, .ofs_y = -5},
    {.bitmap_index = 6641, .adv_w = 196, .box_w = 11, .box_h = 19, .ofs_x = 0, .ofs_y = -7},
    {.bitmap_index = 6746, .adv_w = 196, .box_w = 11, .box_h = 18, .ofs_x = 0, .ofs_y = -6},
    {.bitmap_index = 6845, .adv_w = 172, .box_w = 11, .box_h = 19, .ofs_x = -1, .ofs_y = -6},
    {.bitmap_index = 6950, .adv_w = 227, .box_w = 13, .box_h = 12, .ofs_x = 0, .ofs_y = 0},
    {.bitmap_index = 7028, .adv_w = 266, .box_w = 16, .box_h = 13, .ofs_x = 0, .ofs_y = 0},
    {.bitmap_index = 7132, .adv_w = 266, .box_w = 16, .box_h = 12, .ofs_x = 0, .ofs_y = 0},
    {.bitmap_index = 7228, .adv_w = 189, .box_w = 11, .box_h = 12, .ofs_x = 0, .ofs_y = 0},
    {.bitmap_index = 7294, .adv_w = 194, .box_w = 11, .box_h = 12, .ofs_x = 0, .ofs_y = 0},
    {.bitmap_index = 7360, .adv_w = 186, .box_w = 11, .box_h = 12, .ofs_x = 0, .ofs_y = 0},
    {.bitmap_index = 7426, .adv_w = 210, .box_w = 12, .box_h = 12, .ofs_x = 0, .ofs_y = 0},
    {.bitmap_index = 7498, .adv_w = 173, .box_w = 11, .box_h = 13, .ofs_x = 0, .ofs_y = 0},
    {.bitmap_index = 7570, .adv_w = 204, .box_w = 12, .box_h = 12, .ofs_x = 0, .ofs_y = 0},
    {.bitmap_index = 7642, .adv_w = 206, .box_w = 12, .box_h = 12, .ofs_x = 0, .ofs_y = 0},
    {.bitmap_index = 7714, .adv_w = 210, .box_w = 12, .box_h = 17, .ofs_x = 0, .ofs_y = 0},
    {.bitmap_index = 7816, .adv_w = 199, .box_w = 10, .box_h = 12, .ofs_x = 1, .ofs_y = 0},
    {.bitmap_index = 7876, .adv_w = 199, .box_w = 10, .box_h = 17, .ofs_x = 1, .ofs_y = 0},
    {.bitmap_index = 7961, .adv_w = 230, .box_w = 13, .box_h = 12, .ofs_x = 0, .ofs_y = 0},
    {.bitmap_index = 8039, .adv_w = 230, .box_w = 13, .box_h = 17, .ofs_x = 0, .ofs_y = 0},
    {.bitmap_index = 8150, .adv_w = 197, .box_w = 11, .box_h = 12, .ofs_x = 0, .ofs_y = 0},
    {.bitmap_index = 8216, .adv_w = 196, .box_w = 11, .box_h = 12, .ofs_x = 0, .ofs_y = 0},
    {.bitmap_index = 8282, .adv_w = 183, .box_w = 9, .box_h = 12, .ofs_x = 1, .ofs_y = 0},
    {.bitmap_index = 8336, .adv_w = 155, .box_w = 9, .box_h = 13, .ofs_x = 0, .ofs_y = 0},
    {.bitmap_index = 8395, .adv_w = 186, .box_w = 11, .box_h = 17, .ofs_x = 0, .ofs_y = -5},
    {.bitmap_index = 8489, .adv_w = 186, .box_w = 11, .box_h = 12, .ofs_x = 0, .ofs_y = 0},
    {.bitmap_index = 8555, .adv_w = 196, .box_w = 11, .box_h = 17, .ofs_x = 0, .ofs_y = -5},
    {.bitmap_index = 8649, .adv_w = 164, .box_w = 9, .box_h = 12, .ofs_x = 0, .ofs_y = 0},
    {.bitmap_index = 8703, .adv_w = 193, .box_w = 11, .box_h = 13, .ofs_x = 0, .ofs_y = 0},
    {.bitmap_index = 8775, .adv_w = 217, .box_w = 14, .box_h = 12, .ofs_x = 0, .ofs_y = 0},
    {.bitmap_index = 8859, .adv_w = 186, .box_w = 11, .box_h = 13, .ofs_x = 0, .ofs_y = 0},
    {.bitmap_index = 8931, .adv_w = 204, .box_w = 12, .box_h = 12, .ofs_x = 0, .ofs_y = 0},
    {.bitmap_index = 9003, .adv_w = 230, .box_w = 14, .box_h = 13, .ofs_x = 0, .ofs_y = 0},
    {.bitmap_index = 9094, .adv_w = 188, .box_w = 11, .box_h = 12, .ofs_x = 0, .ofs_y = 0},
    {.bitmap_index = 9160, .adv_w = 181, .box_w = 10, .box_h = 12, .ofs_x = 1, .ofs_y = 0},
    {.bitmap_index = 9220, .adv_w = 175, .box_w = 10, .box_h = 12, .ofs_x = 0, .ofs_y = 0},
    {.bitmap_index = 9280, .adv_w = 171, .box_w = 10, .box_h = 12, .ofs_x = 0, .ofs_y = 0},
    {.bitmap_index = 9340, .adv_w = 0, .box_w = 10, .box_h = 6, .ofs_x = -8, .ofs_y = 13},
    {.bitmap_index = 9370, .adv_w = 155, .box_w = 9, .box_h = 12, .ofs_x = 0, .ofs_y = 0},
    {.bitmap_index = 9424, .adv_w = 155, .box_w = 14, .box_h = 18, .ofs_x = -5, .ofs_y = 0},
    {.bitmap_index = 9550, .adv_w = 0, .box_w = 10, .box_h = 6, .ofs_x = -11, .ofs_y = 13},
    {.bitmap_index = 9580, .adv_w = 0, .box_w = 10, .box_h = 7, .ofs_x = -11, .ofs_y = 13},
    {.bitmap_index = 9615, .adv_w = 0, .box_w = 11, .box_h = 7, .ofs_x = -11, .ofs_y = 13},
    {.bitmap_index = 9654, .adv_w = 0, .box_w = 10, .box_h = 8, .ofs_x = -11, .ofs_y = 13},
    {.bitmap_index = 9694, .adv_w = 0, .box_w = 5, .box_h = 5, .ofs_x = -6, .ofs_y = -7},
    {.bitmap_index = 9707, .adv_w = 0, .box_w = 8, .box_h = 6, .ofs_x = -9, .ofs_y = -8},
    {.bitmap_index = 9731, .adv_w = 0, .box_w = 3, .box_h = 3, .ofs_x = -4, .ofs_y = -3},
    {.bitmap_index = 9736, .adv_w = 188, .box_w = 10, .box_h = 18, .ofs_x = 1, .ofs_y = -2},
    {.bitmap_index = 9826, .adv_w = 99, .box_w = 5, .box_h = 12, .ofs_x = 1, .ofs_y = 0},
    {.bitmap_index = 9856, .adv_w = 185, .box_w = 11, .box_h = 12, .ofs_x = 1, .ofs_y = 0},
    {.bitmap_index = 9922, .adv_w = 121, .box_w = 9, .box_h = 20, .ofs_x = -1, .ofs_y = 0},
    {.bitmap_index = 10012, .adv_w = 121, .box_w = 10, .box_h = 20, .ofs_x = -2, .ofs_y = 0},
    {.bitmap_index = 10112, .adv_w = 125, .box_w = 10, .box_h = 20, .ofs_x = -2, .ofs_y = 0},
    {.bitmap_index = 10212, .adv_w = 94, .box_w = 9, .box_h = 17, .ofs_x = -4, .ofs_y = -5},
    {.bitmap_index = 10289, .adv_w = 199, .box_w = 10, .box_h = 18, .ofs_x = 1, .ofs_y = -5},
    {.bitmap_index = 10379, .adv_w = 0, .box_w = 8, .box_h = 9, .ofs_x = -10, .ofs_y = 13},
    {.bitmap_index = 10415, .adv_w = 0, .box_w = 3, .box_h = 5, .ofs_x = -4, .ofs_y = 14},
    {.bitmap_index = 10423, .adv_w = 0, .box_w = 9, .box_h = 5, .ofs_x = -8, .ofs_y = 14},
    {.bitmap_index = 10446, .adv_w = 0, .box_w = 11, .box_h = 6, .ofs_x = -10, .ofs_y = 14},
    {.bitmap_index = 10479, .adv_w = 0, .box_w = 6, .box_h = 5, .ofs_x = -5, .ofs_y = 14},
    {.bitmap_index = 10494, .adv_w = 0, .box_w = 7, .box_h = 7, .ofs_x = -7, .ofs_y = 14},
    {.bitmap_index = 10519, .adv_w = 0, .box_w = 5, .box_h = 6, .ofs_x = -5, .ofs_y = 13},
    {.bitmap_index = 10534, .adv_w = 0, .box_w = 7, .box_h = 7, .ofs_x = -7, .ofs_y = 14},
    {.bitmap_index = 10559, .adv_w = 199, .box_w = 11, .box_h = 10, .ofs_x = 1, .ofs_y = 0},
    {.bitmap_index = 10614, .adv_w = 211, .box_w = 12, .box_h = 10, .ofs_x = 1, .ofs_y = 0},
    {.bitmap_index = 10674, .adv_w = 216, .box_w = 12, .box_h = 10, .ofs_x = 1, .ofs_y = 0},
    {.bitmap_index = 10734, .adv_w = 219, .box_w = 13, .box_h = 12, .ofs_x = 0, .ofs_y = 0},
    {.bitmap_index = 10812, .adv_w = 222, .box_w = 12, .box_h = 10, .ofs_x = 1, .ofs_y = 0},
    {.bitmap_index = 10872, .adv_w = 217, .box_w = 13, .box_h = 14, .ofs_x = 1, .ofs_y = -1},
    {.bitmap_index = 10963, .adv_w = 217, .box_w = 13, .box_h = 14, .ofs_x = 1, .ofs_y = -1},
    {.bitmap_index = 11054, .adv_w = 216, .box_w = 13, .box_h = 13, .ofs_x = 0, .ofs_y = 0},
    {.bitmap_index = 11139, .adv_w = 238, .box_w = 14, .box_h = 13, .ofs_x = 1, .ofs_y = 0},
    {.bitmap_index = 11230, .adv_w = 216, .box_w = 12, .box_h = 13, .ofs_x = 1, .ofs_y = 0},
    {.bitmap_index = 11308, .adv_w = 221, .box_w = 13, .box_h = 13, .ofs_x = 1, .ofs_y = 0},
    {.bitmap_index = 11393, .adv_w = 245, .box_w = 14, .box_h = 12, .ofs_x = 0, .ofs_y = 0},
    {.bitmap_index = 11477, .adv_w = 326, .box_w = 19, .box_h = 11, .ofs_x = 1, .ofs_y = 0}
};

/*---------------------
 *  CHARACTER MAPPING
 *--------------------*/



/*Collect the unicode lists and glyph_id offsets*/
static const lv_font_fmt_txt_cmap_t cmaps[] =
{
    {
        .range_start = 32, .range_length = 95, .glyph_id_start = 1,
        .unicode_list = NULL, .glyph_id_ofs_list = NULL, .list_length = 0, .type = LV_FONT_FMT_TXT_CMAP_FORMAT0_TINY
    },
    {
        .range_start = 3585, .range_length = 58, .glyph_id_start = 96,
        .unicode_list = NULL, .glyph_id_ofs_list = NULL, .list_length = 0, .type = LV_FONT_FMT_TXT_CMAP_FORMAT0_TINY
    },
    {
        .range_start = 3647, .range_length = 29, .glyph_id_start = 154,
        .unicode_list = NULL, .glyph_id_ofs_list = NULL, .list_length = 0, .type = LV_FONT_FMT_TXT_CMAP_FORMAT0_TINY
    }
};

/*-----------------
 *    KERNING
 *----------------*/


/*Pair left and right glyphs for kerning*/
static const uint8_t kern_pair_glyph_ids[] =
{
    13, 53,
    13, 55,
    13, 58,
    13, 69,
    13, 72,
    13, 80,
    13, 82,
    13, 87,
    13, 88,
    15, 53,
    15, 55,
    15, 58,
    15, 69,
    15, 72,
    15, 80,
    15, 82,
    15, 87,
    15, 88,
    34, 36,
    34, 48,
    34, 50,
    34, 52,
    34, 53,
    34, 54,
    34, 55,
    34, 56,
    34, 58,
    34, 66,
    34, 68,
    34, 69,
    34, 70,
    34, 72,
    34, 80,
    34, 82,
    34, 86,
    34, 87,
    34, 90,
    35, 34,
    35, 55,
    35, 57,
    35, 58,
    37, 34,
    37, 55,
    37, 58,
    39, 13,
    39, 15,
    39, 34,
    39, 43,
    44, 66,
    44, 68,
    44, 69,
    44, 70,
    44, 72,
    44, 82,
    44, 90,
    45, 36,
    45, 40,
    45, 48,
    45, 50,
    45, 53,
    45, 54,
    45, 55,
    45, 56,
    45, 58,
    45, 66,
    45, 68,
    45, 69,
    45, 70,
    45, 72,
    45, 80,
    45, 82,
    45, 85,
    45, 87,
    45, 88,
    45, 90,
    48, 34,
    48, 55,
    48, 56,
    48, 57,
    48, 58,
    49, 13,
    49, 15,
    49, 34,
    49, 43,
    49, 55,
    49, 57,
    49, 58,
    49, 66,
    49, 68,
    49, 69,
    49, 72,
    49, 80,
    49, 82,
    49, 84,
    50, 34,
    50, 55,
    50, 56,
    50, 57,
    50, 58,
    52, 34,
    52, 55,
    52, 58,
    53, 13,
    53, 15,
    53, 34,
    53, 36,
    53, 66,
    53, 68,
    53, 69,
    53, 70,
    53, 72,
    53, 78,
    53, 79,
    53, 80,
    53, 82,
    53, 84,
    53, 86,
    53, 87,
    53, 88,
    53, 89,
    53, 90,
    53, 91,
    54, 13,
    54, 15,
    54, 34,
    55, 13,
    55, 15,
    55, 34,
    55, 36,
    55, 40,
    55, 43,
    55, 48,
    55, 50,
    55, 52,
    55, 66,
    55, 68,
    55, 69,
    55, 70,
    55, 72,
    55, 75,
    55, 78,
    55, 79,
    55, 80,
    55, 81,
    55, 82,
    55, 84,
    55, 86,
    55, 87,
    55, 89,
    55, 90,
    56, 13,
    56, 15,
    56, 34,
    56, 48,
    56, 50,
    56, 66,
    56, 68,
    56, 69,
    56, 70,
    56, 72,
    56, 80,
    56, 82,
    57, 36,
    57, 40,
    57, 48,
    57, 50,
    57, 66,
    57, 68,
    57, 69,
    57, 70,
    57, 72,
    57, 80,
    57, 82,
    57, 86,
    57, 87,
    57, 90,
    58, 13,
    58, 15,
    58, 34,
    58, 36,
    58, 40,
    58, 43,
    58, 48,
    58, 50,
    58, 52,
    58, 66,
    58, 68,
    58, 69,
    58, 70,
    58, 72,
    58, 78,
    58, 79,
    58, 80,
    58, 82,
    58, 84,
    58, 86,
    58, 87,
    58, 89,
    58, 90,
    59, 68,
    59, 69,
    59, 70,
    59, 72,
    59, 80,
    59, 82,
    66, 55,
    66, 58,
    67, 13,
    67, 15,
    67, 55,
    67, 58,
    67, 90,
    68, 55,
    68, 58,
    70, 13,
    70, 15,
    70, 34,
    70, 55,
    70, 57,
    70, 58,
    70, 84,
    70, 87,
    70, 90,
    71, 13,
    71, 15,
    71, 66,
    71, 68,
    71, 69,
    71, 70,
    71, 72,
    71, 80,
    71, 82,
    72, 55,
    72, 58,
    76, 53,
    76, 55,
    76, 58,
    76, 66,
    76, 68,
    76, 69,
    76, 70,
    76, 72,
    76, 80,
    76, 82,
    76, 90,
    77, 68,
    77, 69,
    77, 70,
    77, 72,
    77, 80,
    77, 82,
    77, 84,
    77, 87,
    77, 88,
    77, 90,
    78, 53,
    78, 55,
    78, 58,
    79, 53,
    79, 55,
    79, 58,
    80, 13,
    80, 15,
    80, 34,
    80, 53,
    80, 55,
    80, 58,
    80, 87,
    80, 90,
    81, 13,
    81, 15,
    81, 53,
    81, 55,
    81, 56,
    81, 57,
    81, 87,
    81, 90,
    83, 13,
    83, 15,
    83, 80,
    84, 15,
    84, 53,
    84, 55,
    84, 57,
    84, 58,
    84, 70,
    85, 80,
    86, 53,
    86, 55,
    86, 58,
    87, 13,
    87, 15,
    87, 34,
    87, 53,
    87, 55,
    87, 57,
    87, 58,
    87, 66,
    87, 68,
    87, 69,
    87, 70,
    87, 72,
    87, 80,
    87, 82,
    89, 53,
    89, 55,
    89, 58,
    89, 69,
    89, 72,
    89, 82,
    90, 13,
    90, 15,
    90, 34,
    90, 53,
    90, 57,
    90, 58,
    90, 66,
    90, 69,
    90, 70,
    90, 72,
    90, 80,
    90, 82,
    91, 53,
    91, 55,
    91, 58
};

/* Kerning between the respective left and right glyphs
 * 4.4 format which needs to scaled with `kern_scale`*/
static const int8_t kern_pair_values[] =
{
    -32, -32, -32, -10, -10, -10, -10, -19,
    -19, -32, -32, -32, -10, -10, -10, -10,
    -19, -19, -10, -10, -10, -13, -19, -19,
    -16, -10, -19, -10, -10, -10, -10, -10,
    -10, -10, -13, -13, -13, -6, -10, -13,
    -13, -13, -19, -16, -32, -32, -32, -29,
    -10, -6, -6, -6, -6, -6, -13, -10,
    -10, -16, -16, -35, -10, -32, -26, -32,
    -6, -6, -6, -6, -6, -6, -6, -10,
    -19, -13, -26, -10, -10, -3, -13, -13,
    -32, -32, -26, -32, -10, -19, -10, -10,
    -10, -10, -10, -10, -10, -6, -10, -10,
    -3, -13, -13, -10, -10, -10, -32, -32,
    -19, -13, -26, -19, -26, -26, -26, -19,
    -19, -26, -26, -22, -19, -19, -13, -16,
    -13, -16, -13, -13, -19, -32, -32, -16,
    -13, -13, -22, -10, -10, -10, -26, -26,
    -26, -26, -26, -26, -16, -16, -19, -16,
    -26, -16, -16, -19, -16, -16, -26, -26,
    -10, -3, -3, -6, -6, -6, -6, -6,
    -6, -6, -13, -10, -13, -13, -16, -10,
    -10, -13, -10, -10, -10, -10, -16, -22,
    -32, -32, -19, -16, -19, -22, -13, -13,
    -10, -19, -19, -19, -19, -19, -19, -19,
    -19, -19, -19, -19, -19, -26, -19, -6,
    -6, -6, -6, -6, -6, -19, -26, -10,
    -10, -26, -26, -6, -13, -19, -10, -10,
    -13, -26, -16, -26, 6, -10, -6, -19,
    -19, -13, -13, -13, -10, -13, -13, -13,
    -13, -19, -19, -29, -19, -13, -13, -13,
    -6, -13, -6, -13, -10, -6, -6, -10,
    -6, -10, -6, -6, -10, -6, -10, -19,
    -22, -26, -19, -22, -26, -10, -10, -13,
    -19, -19, -22, -3, -3, -10, -10, -19,
    -19, -19, -16, -6, -3, -19, -19, -3,
    -10, -19, -16, -13, -19, 6, -10, -26,
    -16, -19, -19, -19, -32, -13, -19, -16,
    -19, -10, -10, -6, -6, -6, -3, -6,
    -13, -16, -26, -10, -10, -10, -13, -13,
    -26, -13, -19, -19, -10, -3, -3, -3,
    -3, -3, -6, -13, -13
};

/*Collect the kern pair's data in one place*/
static const lv_font_fmt_txt_kern_pair_t kern_pairs =
{
    .glyph_ids = kern_pair_glyph_ids,
    .values = kern_pair_values,
    .pair_cnt = 325,
    .glyph_ids_size = 0
};

/*--------------------
 *  ALL CUSTOM DATA
 *--------------------*/

#if LVGL_VERSION_MAJOR == 8
/*Store all the custom data of the font*/
static  lv_font_fmt_txt_glyph_cache_t cache;
#endif

#if LVGL_VERSION_MAJOR >= 8
static const lv_font_fmt_txt_dsc_t font_dsc = {
#else
static lv_font_fmt_txt_dsc_t font_dsc = {
#endif
    .glyph_bitmap = glyph_bitmap,
    .glyph_dsc = glyph_dsc,
    .cmaps = cmaps,
    .kern_dsc = &kern_pairs,
    .kern_scale = 16,
    .cmap_num = 3,
    .bpp = 4,
    .kern_classes = 0,
    .bitmap_format = 0,
#if LVGL_VERSION_MAJOR == 8
    .cache = &cache
#endif
};

extern const lv_font_t sarabun_20;


/*-----------------
 *  PUBLIC FONT
 *----------------*/

/*Initialize a public general font descriptor*/
#if LVGL_VERSION_MAJOR >= 8
const lv_font_t sarabun_20 = {
#else
lv_font_t sarabun_20 = {
#endif
    .get_glyph_dsc = lv_font_get_glyph_dsc_fmt_txt,    /*Function pointer to get glyph's data*/
    .get_glyph_bitmap = lv_font_get_bitmap_fmt_txt,    /*Function pointer to get glyph's bitmap*/
    .line_height = 30,          /*The maximum line height required by the font*/
    .base_line = 8,             /*Baseline measured from the bottom of the line*/
#if !(LVGL_VERSION_MAJOR == 6 && LVGL_VERSION_MINOR == 0)
    .subpx = LV_FONT_SUBPX_NONE,
#endif
#if LV_VERSION_CHECK(7, 4, 0) || LVGL_VERSION_MAJOR >= 8
    .underline_position = -1,
    .underline_thickness = 1,
#endif
    .dsc = &font_dsc,          /*The custom font data. Will be accessed by `get_glyph_bitmap/dsc` */
#if LV_VERSION_CHECK(8, 2, 0) || LVGL_VERSION_MAJOR >= 9
    .fallback = &lv_font_montserrat_14,
#endif
    .user_data = NULL,
};



#endif /*#if SARABUN_20*/

